#name,x,y,alt,heading,pitch,roll,f,px,py,k1,k2,k3,k4,t1,t2
0000_tilt_000_pan_000_f70.jpg,0.0,-0.0,3.875,-0.0,0.0,0.0,70.0,0,0,0,0,0,0,0,0
0001_tilt_000_pan_010_f70.jpg,0.0,-0.0,3.875,-10.0,0.0,0.0,70.0,0,0,0,0,0,0,0,0
0002_tilt_000_pan_020_f70.jpg,0.0,-0.0,3.875,-19.999999,0.0,0.0,70.0,0,0,0,0,0,0,0,0
0003_tilt_000_pan_030_f70.jpg,0.0,-0.0,3.875,-30.000001,0.0,0.0,70.0,0,0,0,0,0,0,0,0
0004_tilt_000_pan_040_f70.jpg,0.0,-0.0,3.875,-39.999999,0.0,0.0,70.0,0,0,0,0,0,0,0,0
0005_tilt_000_pan_050_f70.jpg,0.0,-0.0,3.875,-50.0,0.0,0.0,70.0,0,0,0,0,0,0,0,0
0006_tilt_000_pan_060_f70.jpg,0.0,-0.0,3.875,-60.000002,0.0,0.0,70.0,0,0,0,0,0,0,0,0
0007_tilt_000_pan_070_f70.jpg,0.0,-0.0,3.875,-70.0,0.0,0.0,70.0,0,0,0,0,0,0,0,0
0008_tilt_000_pan_080_f70.jpg,0.0,-0.0,3.875,-79.999998,0.0,0.0,70.0,0,0,0,0,0,0,0,0
0009_tilt_000_pan_090_f70.jpg,0.0,-0.0,3.875,-90.000003,0.0,0.0,70.0,0,0,0,0,0,0,0,0
0010_tilt_000_pan_100_f70.jpg,0.0,0.0,3.875,-100.000001,0.0,0.0,70.0,0,0,0,0,0,0,0,0
0011_tilt_000_pan_110_f70.jpg,0.0,0.0,3.875,-109.999999,0.0,0.0,70.0,0,0,0,0,0,0,0,0
0012_tilt_000_pan_120_f70.jpg,0.0,0.0,3.875,-120.000003,0.0,0.0,70.0,0,0,0,0,0,0,0,0
0013_tilt_000_pan_130_f70.jpg,0.0,0.0,3.875,-130.000001,0.0,0.0,70.0,0,0,0,0,0,0,0,0
0014_tilt_000_pan_140_f70.jpg,0.0,0.0,3.875,-139.999999,0.0,0.0,70.0,0,0,0,0,0,0,0,0
0015_tilt_000_pan_150_f70.jpg,0.0,0.0,3.875,-149.999997,0.0,0.0,70.0,0,0,0,0,0,0,0,0
0016_tilt_000_pan_160_f70.jpg,0.0,0.0,3.875,-159.999995,0.0,0.0,70.0,0,0,0,0,0,0,0,0
0017_tilt_000_pan_170_f70.jpg,0.0,0.0,3.875,-169.999993,0.0,0.0,70.0,0,0,0,0,0,0,0,0
0018_tilt_000_pan_180_f70.jpg,0.0,0.0,3.875,-180.000005,0.0,0.0,70.0,0,0,0,0,0,0,0,0
0019_tilt_000_pan_190_f70.jpg,-0.0,0.0,3.875,-190.000003,0.0,0.0,70.0,0,0,0,0,0,0,0,0
0020_tilt_000_pan_200_f70.jpg,-0.0,0.0,3.875,-200.000001,0.0,0.0,70.0,0,0,0,0,0,0,0,0
0021_tilt_000_pan_210_f70.jpg,-0.0,0.0,3.875,-209.999999,0.0,0.0,70.0,0,0,0,0,0,0,0,0
0022_tilt_000_pan_220_f70.jpg,-0.0,0.0,3.875,-219.999997,0.0,0.0,70.0,0,0,0,0,0,0,0,0
0023_tilt_000_pan_230_f70.jpg,-0.0,0.0,3.875,-230.000009,0.0,0.0,70.0,0,0,0,0,0,0,0,0
0024_tilt_000_pan_240_f70.jpg,-0.0,0.0,3.875,-240.000007,0.0,0.0,70.0,0,0,0,0,0,0,0,0
0025_tilt_000_pan_250_f70.jpg,-0.0,0.0,3.875,-250.000005,0.0,0.0,70.0,0,0,0,0,0,0,0,0
0026_tilt_000_pan_260_f70.jpg,-0.0,0.0,3.875,-260.000003,0.0,0.0,70.0,0,0,0,0,0,0,0,0
0027_tilt_000_pan_270_f70.jpg,-0.0,0.0,3.875,-270.000001,0.0,0.0,70.0,0,0,0,0,0,0,0,0
0028_tilt_000_pan_280_f70.jpg,-0.0,-0.0,3.875,-279.999999,0.0,0.0,70.0,0,0,0,0,0,0,0,0
0029_tilt_000_pan_290_f70.jpg,-0.0,-0.0,3.875,-289.999997,0.0,0.0,70.0,0,0,0,0,0,0,0,0
0030_tilt_000_pan_300_f70.jpg,-0.0,-0.0,3.875,-299.999995,0.0,0.0,70.0,0,0,0,0,0,0,0,0
0031_tilt_000_pan_310_f70.jpg,-0.0,-0.0,3.875,-309.999993,0.0,0.0,70.0,0,0,0,0,0,0,0,0
0032_tilt_000_pan_320_f70.jpg,-0.0,-0.0,3.875,-319.999991,0.0,0.0,70.0,0,0,0,0,0,0,0,0
0033_tilt_000_pan_330_f70.jpg,-0.0,-0.0,3.875,-329.999989,0.0,0.0,70.0,0,0,0,0,0,0,0,0
0034_tilt_000_pan_340_f70.jpg,-0.0,-0.0,3.875,-339.999987,0.0,0.0,70.0,0,0,0,0,0,0,0,0
0035_tilt_000_pan_350_f70.jpg,-0.0,-0.0,3.875,-350.000012,0.0,0.0,70.0,0,0,0,0,0,0,0,0
0036_tilt_010_pan_000_f70.jpg,0.0,-0.520945,3.829423,-0.0,10.0,0.0,70.0,0,0,0,0,0,0,0,0
0037_tilt_010_pan_010_f70.jpg,0.090461,-0.51303,3.829423,-10.0,10.0,0.0,70.0,0,0,0,0,0,0,0,0
0038_tilt_010_pan_020_f70.jpg,0.178174,-0.489528,3.829423,-19.999999,10.0,0.0,70.0,0,0,0,0,0,0,0,0
0039_tilt_010_pan_030_f70.jpg,0.260472,-0.451151,3.829423,-30.000001,10.0,0.0,70.0,0,0,0,0,0,0,0,0
0040_tilt_010_pan_040_f70.jpg,0.334857,-0.399067,3.829423,-39.999999,10.0,0.0,70.0,0,0,0,0,0,0,0,0
0041_tilt_010_pan_050_f70.jpg,0.399067,-0.334857,3.829423,-50.0,10.0,0.0,70.0,0,0,0,0,0,0,0,0
0042_tilt_010_pan_060_f70.jpg,0.451151,-0.260472,3.829423,-60.000002,10.0,0.0,70.0,0,0,0,0,0,0,0,0
0043_tilt_010_pan_070_f70.jpg,0.489528,-0.178174,3.829423,-70.0,10.0,0.0,70.0,0,0,0,0,0,0,0,0
0044_tilt_010_pan_080_f70.jpg,0.51303,-0.090461,3.829423,-79.999998,10.0,0.0,70.0,0,0,0,0,0,0,0,0
0045_tilt_010_pan_090_f70.jpg,0.520945,-0.0,3.829423,-90.000003,10.0,0.0,70.0,0,0,0,0,0,0,0,0
0046_tilt_010_pan_100_f70.jpg,0.51303,0.090461,3.829423,-100.000001,10.0,0.0,70.0,0,0,0,0,0,0,0,0
0047_tilt_010_pan_110_f70.jpg,0.489528,0.178174,3.829423,-109.999999,10.0,0.0,70.0,0,0,0,0,0,0,0,0
0048_tilt_010_pan_120_f70.jpg,0.451151,0.260472,3.829423,-120.000003,10.0,0.0,70.0,0,0,0,0,0,0,0,0
0049_tilt_010_pan_130_f70.jpg,0.399067,0.334857,3.829423,-130.000001,10.0,0.0,70.0,0,0,0,0,0,0,0,0
0050_tilt_010_pan_140_f70.jpg,0.334857,0.399067,3.829423,-139.999999,10.0,0.0,70.0,0,0,0,0,0,0,0,0
0051_tilt_010_pan_150_f70.jpg,0.260472,0.451151,3.829423,-149.999997,10.0,0.0,70.0,0,0,0,0,0,0,0,0
0052_tilt_010_pan_160_f70.jpg,0.178174,0.489528,3.829423,-159.999995,10.0,0.0,70.0,0,0,0,0,0,0,0,0
0053_tilt_010_pan_170_f70.jpg,0.090461,0.51303,3.829423,-169.999993,10.0,0.0,70.0,0,0,0,0,0,0,0,0
0054_tilt_010_pan_180_f70.jpg,0.0,0.520945,3.829423,-180.000005,10.0,0.0,70.0,0,0,0,0,0,0,0,0
0055_tilt_010_pan_190_f70.jpg,-0.090461,0.51303,3.829423,-190.000003,10.0,0.0,70.0,0,0,0,0,0,0,0,0
0056_tilt_010_pan_200_f70.jpg,-0.178174,0.489528,3.829423,-200.000001,10.0,0.0,70.0,0,0,0,0,0,0,0,0
0057_tilt_010_pan_210_f70.jpg,-0.260472,0.451151,3.829423,-209.999999,10.0,0.0,70.0,0,0,0,0,0,0,0,0
0058_tilt_010_pan_220_f70.jpg,-0.334857,0.399067,3.829423,-219.999997,10.0,0.0,70.0,0,0,0,0,0,0,0,0
0059_tilt_010_pan_230_f70.jpg,-0.399067,0.334857,3.829423,-230.000009,10.0,0.0,70.0,0,0,0,0,0,0,0,0
0060_tilt_010_pan_240_f70.jpg,-0.451151,0.260472,3.829423,-240.000007,10.0,0.0,70.0,0,0,0,0,0,0,0,0
0061_tilt_010_pan_250_f70.jpg,-0.489528,0.178174,3.829423,-250.000005,10.0,0.0,70.0,0,0,0,0,0,0,0,0
0062_tilt_010_pan_260_f70.jpg,-0.51303,0.090461,3.829423,-260.000003,10.0,0.0,70.0,0,0,0,0,0,0,0,0
0063_tilt_010_pan_270_f70.jpg,-0.520945,0.0,3.829423,-270.000001,10.0,0.0,70.0,0,0,0,0,0,0,0,0
0064_tilt_010_pan_280_f70.jpg,-0.51303,-0.090461,3.829423,-279.999999,10.0,0.0,70.0,0,0,0,0,0,0,0,0
0065_tilt_010_pan_290_f70.jpg,-0.489528,-0.178174,3.829423,-289.999997,10.0,0.0,70.0,0,0,0,0,0,0,0,0
0066_tilt_010_pan_300_f70.jpg,-0.451151,-0.260472,3.829423,-299.999995,10.0,0.0,70.0,0,0,0,0,0,0,0,0
0067_tilt_010_pan_310_f70.jpg,-0.399067,-0.334857,3.829423,-309.999993,10.0,0.0,70.0,0,0,0,0,0,0,0,0
0068_tilt_010_pan_320_f70.jpg,-0.334857,-0.399067,3.829423,-319.999991,10.0,0.0,70.0,0,0,0,0,0,0,0,0
0069_tilt_010_pan_330_f70.jpg,-0.260472,-0.451151,3.829423,-329.999989,10.0,0.0,70.0,0,0,0,0,0,0,0,0
0070_tilt_010_pan_340_f70.jpg,-0.178174,-0.489528,3.829423,-339.999987,10.0,0.0,70.0,0,0,0,0,0,0,0,0
0071_tilt_010_pan_350_f70.jpg,-0.090461,-0.51303,3.829423,-350.000012,10.0,0.0,70.0,0,0,0,0,0,0,0,0
0072_tilt_020_pan_000_f70.jpg,0.0,-1.02606,3.694078,-0.0,19.999999,0.0,70.0,0,0,0,0,0,0,0,0
0073_tilt_020_pan_010_f70.jpg,0.178174,-1.010472,3.694078,-10.0,19.999999,0.0,70.0,0,0,0,0,0,0,0,0
0074_tilt_020_pan_020_f70.jpg,0.350933,-0.964181,3.694078,-19.999999,19.999999,0.0,70.0,0,0,0,0,0,0,0,0
0075_tilt_020_pan_030_f70.jpg,0.51303,-0.888594,3.694078,-30.000001,19.999999,0.0,70.0,0,0,0,0,0,0,0,0
0076_tilt_020_pan_040_f70.jpg,0.659539,-0.786008,3.694078,-39.999999,19.999999,0.0,70.0,0,0,0,0,0,0,0,0
0077_tilt_020_pan_050_f70.jpg,0.786008,-0.659539,3.694078,-50.0,19.999999,0.0,70.0,0,0,0,0,0,0,0,0
0078_tilt_020_pan_060_f70.jpg,0.888594,-0.51303,3.694078,-60.000002,19.999999,0.0,70.0,0,0,0,0,0,0,0,0
0079_tilt_020_pan_070_f70.jpg,0.964181,-0.350933,3.694078,-70.0,19.999999,0.0,70.0,0,0,0,0,0,0,0,0
0080_tilt_020_pan_080_f70.jpg,1.010472,-0.178174,3.694078,-79.999998,19.999999,0.0,70.0,0,0,0,0,0,0,0,0
0081_tilt_020_pan_090_f70.jpg,1.02606,-0.0,3.694078,-90.000003,19.999999,0.0,70.0,0,0,0,0,0,0,0,0
0082_tilt_020_pan_100_f70.jpg,1.010472,0.178174,3.694078,-100.000001,19.999999,0.0,70.0,0,0,0,0,0,0,0,0
0083_tilt_020_pan_110_f70.jpg,0.964181,0.350933,3.694078,-109.999999,19.999999,0.0,70.0,0,0,0,0,0,0,0,0
0084_tilt_020_pan_120_f70.jpg,0.888594,0.51303,3.694078,-120.000003,19.999999,0.0,70.0,0,0,0,0,0,0,0,0
0085_tilt_020_pan_130_f70.jpg,0.786008,0.659539,3.694078,-130.000001,19.999999,0.0,70.0,0,0,0,0,0,0,0,0
0086_tilt_020_pan_140_f70.jpg,0.659539,0.786008,3.694078,-139.999999,19.999999,0.0,70.0,0,0,0,0,0,0,0,0
0087_tilt_020_pan_150_f70.jpg,0.51303,0.888594,3.694078,-149.999997,19.999999,0.0,70.0,0,0,0,0,0,0,0,0
0088_tilt_020_pan_160_f70.jpg,0.350933,0.964181,3.694078,-159.999995,19.999999,0.0,70.0,0,0,0,0,0,0,0,0
0089_tilt_020_pan_170_f70.jpg,0.178174,1.010472,3.694078,-169.999993,19.999999,0.0,70.0,0,0,0,0,0,0,0,0
0090_tilt_020_pan_180_f70.jpg,0.0,1.02606,3.694078,-180.000005,19.999999,0.0,70.0,0,0,0,0,0,0,0,0
0091_tilt_020_pan_190_f70.jpg,-0.178174,1.010472,3.694078,-190.000003,19.999999,0.0,70.0,0,0,0,0,0,0,0,0
0092_tilt_020_pan_200_f70.jpg,-0.350933,0.964181,3.694078,-200.000001,19.999999,0.0,70.0,0,0,0,0,0,0,0,0
0093_tilt_020_pan_210_f70.jpg,-0.51303,0.888594,3.694078,-209.999999,19.999999,0.0,70.0,0,0,0,0,0,0,0,0
0094_tilt_020_pan_220_f70.jpg,-0.659539,0.786008,3.694078,-219.999997,19.999999,0.0,70.0,0,0,0,0,0,0,0,0
0095_tilt_020_pan_230_f70.jpg,-0.786008,0.659539,3.694078,-230.000009,19.999999,0.0,70.0,0,0,0,0,0,0,0,0
0096_tilt_020_pan_240_f70.jpg,-0.888594,0.51303,3.694078,-240.000007,19.999999,0.0,70.0,0,0,0,0,0,0,0,0
0097_tilt_020_pan_250_f70.jpg,-0.964181,0.350933,3.694078,-250.000005,19.999999,0.0,70.0,0,0,0,0,0,0,0,0
0098_tilt_020_pan_260_f70.jpg,-1.010472,0.178174,3.694078,-260.000003,19.999999,0.0,70.0,0,0,0,0,0,0,0,0
0099_tilt_020_pan_270_f70.jpg,-1.02606,0.0,3.694078,-270.000001,19.999999,0.0,70.0,0,0,0,0,0,0,0,0
0100_tilt_020_pan_280_f70.jpg,-1.010472,-0.178174,3.694078,-279.999999,19.999999,0.0,70.0,0,0,0,0,0,0,0,0
0101_tilt_020_pan_290_f70.jpg,-0.964181,-0.350933,3.694078,-289.999997,19.999999,0.0,70.0,0,0,0,0,0,0,0,0
0102_tilt_020_pan_300_f70.jpg,-0.888594,-0.51303,3.694078,-299.999995,19.999999,0.0,70.0,0,0,0,0,0,0,0,0
0103_tilt_020_pan_310_f70.jpg,-0.786008,-0.659539,3.694078,-309.999993,19.999999,0.0,70.0,0,0,0,0,0,0,0,0
0104_tilt_020_pan_320_f70.jpg,-0.659539,-0.786008,3.694078,-319.999991,19.999999,0.0,70.0,0,0,0,0,0,0,0,0
0105_tilt_020_pan_330_f70.jpg,-0.51303,-0.888594,3.694078,-329.999989,19.999999,0.0,70.0,0,0,0,0,0,0,0,0
0106_tilt_020_pan_340_f70.jpg,-0.350933,-0.964181,3.694078,-339.999987,19.999999,0.0,70.0,0,0,0,0,0,0,0,0
0107_tilt_020_pan_350_f70.jpg,-0.178174,-1.010472,3.694078,-350.000012,19.999999,0.0,70.0,0,0,0,0,0,0,0,0
0108_tilt_030_pan_000_f70.jpg,0.0,-1.5,3.473076,-0.0,30.000001,0.0,70.0,0,0,0,0,0,0,0,0
0109_tilt_030_pan_010_f70.jpg,0.260472,-1.477212,3.473076,-10.0,30.000001,0.0,70.0,0,0,0,0,0,0,0,0
0110_tilt_030_pan_020_f70.jpg,0.51303,-1.409539,3.473076,-19.999999,30.000001,0.0,70.0,0,0,0,0,0,0,0,0
0111_tilt_030_pan_030_f70.jpg,0.75,-1.299038,3.473076,-30.000001,30.000001,0.0,70.0,0,0,0,0,0,0,0,0
0112_tilt_030_pan_040_f70.jpg,0.964181,-1.149067,3.473076,-39.999999,30.000001,0.0,70.0,0,0,0,0,0,0,0,0
0113_tilt_030_pan_050_f70.jpg,1.149067,-0.964181,3.473076,-50.0,30.000001,0.0,70.0,0,0,0,0,0,0,0,0
0114_tilt_030_pan_060_f70.jpg,1.299038,-0.75,3.473076,-60.000002,30.000001,0.0,70.0,0,0,0,0,0,0,0,0
0115_tilt_030_pan_070_f70.jpg,1.409539,-0.51303,3.473076,-70.0,30.000001,0.0,70.0,0,0,0,0,0,0,0,0
0116_tilt_030_pan_080_f70.jpg,1.477212,-0.260472,3.473076,-79.999998,30.000001,0.0,70.0,0,0,0,0,0,0,0,0
0117_tilt_030_pan_090_f70.jpg,1.5,-0.0,3.473076,-90.000003,30.000001,0.0,70.0,0,0,0,0,0,0,0,0
0118_tilt_030_pan_100_f70.jpg,1.477212,0.260472,3.473076,-100.000001,30.000001,0.0,70.0,0,0,0,0,0,0,0,0
0119_tilt_030_pan_110_f70.jpg,1.409539,0.51303,3.473076,-109.999999,30.000001,0.0,70.0,0,0,0,0,0,0,0,0
0120_tilt_030_pan_120_f70.jpg,1.299038,0.75,3.473076,-120.000003,30.000001,0.0,70.0,0,0,0,0,0,0,0,0
0121_tilt_030_pan_130_f70.jpg,1.149067,0.964181,3.473076,-130.000001,30.000001,0.0,70.0,0,0,0,0,0,0,0,0
0122_tilt_030_pan_140_f70.jpg,0.964181,1.149067,3.473076,-139.999999,30.000001,0.0,70.0,0,0,0,0,0,0,0,0
0123_tilt_030_pan_150_f70.jpg,0.75,1.299038,3.473076,-149.999997,30.000001,0.0,70.0,0,0,0,0,0,0,0,0
0124_tilt_030_pan_160_f70.jpg,0.51303,1.409539,3.473076,-159.999995,30.000001,0.0,70.0,0,0,0,0,0,0,0,0
0125_tilt_030_pan_170_f70.jpg,0.260472,1.477212,3.473076,-169.999993,30.000001,0.0,70.0,0,0,0,0,0,0,0,0
0126_tilt_030_pan_180_f70.jpg,0.0,1.5,3.473076,-180.000005,30.000001,0.0,70.0,0,0,0,0,0,0,0,0
0127_tilt_030_pan_190_f70.jpg,-0.260472,1.477212,3.473076,-190.000003,30.000001,0.0,70.0,0,0,0,0,0,0,0,0
0128_tilt_030_pan_200_f70.jpg,-0.51303,1.409539,3.473076,-200.000001,30.000001,0.0,70.0,0,0,0,0,0,0,0,0
0129_tilt_030_pan_210_f70.jpg,-0.75,1.299038,3.473076,-209.999999,30.000001,0.0,70.0,0,0,0,0,0,0,0,0
0130_tilt_030_pan_220_f70.jpg,-0.964181,1.149067,3.473076,-219.999997,30.000001,0.0,70.0,0,0,0,0,0,0,0,0
0131_tilt_030_pan_230_f70.jpg,-1.149067,0.964181,3.473076,-230.000009,30.000001,0.0,70.0,0,0,0,0,0,0,0,0
0132_tilt_030_pan_240_f70.jpg,-1.299038,0.75,3.473076,-240.000007,30.000001,0.0,70.0,0,0,0,0,0,0,0,0
0133_tilt_030_pan_250_f70.jpg,-1.409539,0.51303,3.473076,-250.000005,30.000001,0.0,70.0,0,0,0,0,0,0,0,0
0134_tilt_030_pan_260_f70.jpg,-1.477212,0.260472,3.473076,-260.000003,30.000001,0.0,70.0,0,0,0,0,0,0,0,0
0135_tilt_030_pan_270_f70.jpg,-1.5,0.0,3.473076,-270.000001,30.000001,0.0,70.0,0,0,0,0,0,0,0,0
0136_tilt_030_pan_280_f70.jpg,-1.477212,-0.260472,3.473076,-279.999999,30.000001,0.0,70.0,0,0,0,0,0,0,0,0
0137_tilt_030_pan_290_f70.jpg,-1.409539,-0.51303,3.473076,-289.999997,30.000001,0.0,70.0,0,0,0,0,0,0,0,0
0138_tilt_030_pan_300_f70.jpg,-1.299038,-0.75,3.473076,-299.999995,30.000001,0.0,70.0,0,0,0,0,0,0,0,0
0139_tilt_030_pan_310_f70.jpg,-1.149067,-0.964181,3.473076,-309.999993,30.000001,0.0,70.0,0,0,0,0,0,0,0,0
0140_tilt_030_pan_320_f70.jpg,-0.964181,-1.149067,3.473076,-319.999991,30.000001,0.0,70.0,0,0,0,0,0,0,0,0
0141_tilt_030_pan_330_f70.jpg,-0.75,-1.299038,3.473076,-329.999989,30.000001,0.0,70.0,0,0,0,0,0,0,0,0
0142_tilt_030_pan_340_f70.jpg,-0.51303,-1.409539,3.473076,-339.999987,30.000001,0.0,70.0,0,0,0,0,0,0,0,0
0143_tilt_030_pan_350_f70.jpg,-0.260472,-1.477212,3.473076,-350.000012,30.000001,0.0,70.0,0,0,0,0,0,0,0,0
0144_tilt_040_pan_000_f70.jpg,0.0,-1.928363,3.173133,-0.0,39.999999,0.0,70.0,0,0,0,0,0,0,0,0
0145_tilt_040_pan_010_f70.jpg,0.334857,-1.899067,3.173133,-10.0,39.999999,0.0,70.0,0,0,0,0,0,0,0,0
0146_tilt_040_pan_020_f70.jpg,0.659539,-1.812068,3.173133,-19.999999,39.999999,0.0,70.0,0,0,0,0,0,0,0,0
0147_tilt_040_pan_030_f70.jpg,0.964181,-1.670011,3.173133,-30.000001,39.999999,0.0,70.0,0,0,0,0,0,0,0,0
0148_tilt_040_pan_040_f70.jpg,1.239528,-1.477212,3.173133,-39.999999,39.999999,0.0,70.0,0,0,0,0,0,0,0,0
0149_tilt_040_pan_050_f70.jpg,1.477212,-1.239528,3.173133,-50.0,39.999999,0.0,70.0,0,0,0,0,0,0,0,0
0150_tilt_040_pan_060_f70.jpg,1.670011,-0.964181,3.173133,-60.000002,39.999999,0.0,70.0,0,0,0,0,0,0,0,0
0151_tilt_040_pan_070_f70.jpg,1.812068,-0.659539,3.173133,-70.0,39.999999,0.0,70.0,0,0,0,0,0,0,0,0
0152_tilt_040_pan_080_f70.jpg,1.899067,-0.334857,3.173133,-79.999998,39.999999,0.0,70.0,0,0,0,0,0,0,0,0
0153_tilt_040_pan_090_f70.jpg,1.928363,-0.0,3.173133,-90.000003,39.999999,0.0,70.0,0,0,0,0,0,0,0,0
0154_tilt_040_pan_100_f70.jpg,1.899067,0.334857,3.173133,-100.000001,39.999999,0.0,70.0,0,0,0,0,0,0,0,0
0155_tilt_040_pan_110_f70.jpg,1.812068,0.659539,3.173133,-109.999999,39.999999,0.0,70.0,0,0,0,0,0,0,0,0
0156_tilt_040_pan_120_f70.jpg,1.670011,0.964181,3.173133,-120.000003,39.999999,0.0,70.0,0,0,0,0,0,0,0,0
0157_tilt_040_pan_130_f70.jpg,1.477212,1.239528,3.173133,-130.000001,39.999999,0.0,70.0,0,0,0,0,0,0,0,0
0158_tilt_040_pan_140_f70.jpg,1.239528,1.477212,3.173133,-139.999999,39.999999,0.0,70.0,0,0,0,0,0,0,0,0
0159_tilt_040_pan_150_f70.jpg,0.964181,1.670011,3.173133,-149.999997,39.999999,0.0,70.0,0,0,0,0,0,0,0,0
0160_tilt_040_pan_160_f70.jpg,0.659539,1.812068,3.173133,-159.999995,39.999999,0.0,70.0,0,0,0,0,0,0,0,0
0161_tilt_040_pan_170_f70.jpg,0.334857,1.899067,3.173133,-169.999993,39.999999,0.0,70.0,0,0,0,0,0,0,0,0
0162_tilt_040_pan_180_f70.jpg,0.0,1.928363,3.173133,-180.000005,39.999999,0.0,70.0,0,0,0,0,0,0,0,0
0163_tilt_040_pan_190_f70.jpg,-0.334857,1.899067,3.173133,-190.000003,39.999999,0.0,70.0,0,0,0,0,0,0,0,0
0164_tilt_040_pan_200_f70.jpg,-0.659539,1.812068,3.173133,-200.000001,39.999999,0.0,70.0,0,0,0,0,0,0,0,0
0165_tilt_040_pan_210_f70.jpg,-0.964181,1.670011,3.173133,-209.999999,39.999999,0.0,70.0,0,0,0,0,0,0,0,0
0166_tilt_040_pan_220_f70.jpg,-1.239528,1.477212,3.173133,-219.999997,39.999999,0.0,70.0,0,0,0,0,0,0,0,0
0167_tilt_040_pan_230_f70.jpg,-1.477212,1.239528,3.173133,-230.000009,39.999999,0.0,70.0,0,0,0,0,0,0,0,0
0168_tilt_040_pan_240_f70.jpg,-1.670011,0.964181,3.173133,-240.000007,39.999999,0.0,70.0,0,0,0,0,0,0,0,0
0169_tilt_040_pan_250_f70.jpg,-1.812068,0.659539,3.173133,-250.000005,39.999999,0.0,70.0,0,0,0,0,0,0,0,0
0170_tilt_040_pan_260_f70.jpg,-1.899067,0.334857,3.173133,-260.000003,39.999999,0.0,70.0,0,0,0,0,0,0,0,0
0171_tilt_040_pan_270_f70.jpg,-1.928363,0.0,3.173133,-270.000001,39.999999,0.0,70.0,0,0,0,0,0,0,0,0
0172_tilt_040_pan_280_f70.jpg,-1.899067,-0.334857,3.173133,-279.999999,39.999999,0.0,70.0,0,0,0,0,0,0,0,0
0173_tilt_040_pan_290_f70.jpg,-1.812068,-0.659539,3.173133,-289.999997,39.999999,0.0,70.0,0,0,0,0,0,0,0,0
0174_tilt_040_pan_300_f70.jpg,-1.670011,-0.964181,3.173133,-299.999995,39.999999,0.0,70.0,0,0,0,0,0,0,0,0
0175_tilt_040_pan_310_f70.jpg,-1.477212,-1.239528,3.173133,-309.999993,39.999999,0.0,70.0,0,0,0,0,0,0,0,0
0176_tilt_040_pan_320_f70.jpg,-1.239528,-1.477212,3.173133,-319.999991,39.999999,0.0,70.0,0,0,0,0,0,0,0,0
0177_tilt_040_pan_330_f70.jpg,-0.964181,-1.670011,3.173133,-329.999989,39.999999,0.0,70.0,0,0,0,0,0,0,0,0
0178_tilt_040_pan_340_f70.jpg,-0.659539,-1.812068,3.173133,-339.999987,39.999999,0.0,70.0,0,0,0,0,0,0,0,0
0179_tilt_040_pan_350_f70.jpg,-0.334857,-1.899067,3.173133,-350.000012,39.999999,0.0,70.0,0,0,0,0,0,0,0,0
0180_tilt_050_pan_000_f70.jpg,0.0,-2.298133,2.803363,-0.0,50.0,0.0,70.0,0,0,0,0,0,0,0,0
0181_tilt_050_pan_010_f70.jpg,0.399067,-2.26322,2.803363,-10.0,50.0,0.0,70.0,0,0,0,0,0,0,0,0
0182_tilt_050_pan_020_f70.jpg,0.786008,-2.159539,2.803363,-19.999999,50.0,0.0,70.0,0,0,0,0,0,0,0,0
0183_tilt_050_pan_030_f70.jpg,1.149067,-1.990242,2.803363,-30.000001,50.0,0.0,70.0,0,0,0,0,0,0,0,0
0184_tilt_050_pan_040_f70.jpg,1.477212,-1.760472,2.803363,-39.999999,50.0,0.0,70.0,0,0,0,0,0,0,0,0
0185_tilt_050_pan_050_f70.jpg,1.760472,-1.477212,2.803363,-50.0,50.0,0.0,70.0,0,0,0,0,0,0,0,0
0186_tilt_050_pan_060_f70.jpg,1.990242,-1.149067,2.803363,-60.000002,50.0,0.0,70.0,0,0,0,0,0,0,0,0
0187_tilt_050_pan_070_f70.jpg,2.159539,-0.786008,2.803363,-70.0,50.0,0.0,70.0,0,0,0,0,0,0,0,0
0188_tilt_050_pan_080_f70.jpg,2.26322,-0.399067,2.803363,-79.999998,50.0,0.0,70.0,0,0,0,0,0,0,0,0
0189_tilt_050_pan_090_f70.jpg,2.298133,-0.0,2.803363,-90.000003,50.0,0.0,70.0,0,0,0,0,0,0,0,0
0190_tilt_050_pan_100_f70.jpg,2.26322,0.399067,2.803363,-100.000001,50.0,0.0,70.0,0,0,0,0,0,0,0,0
0191_tilt_050_pan_110_f70.jpg,2.159539,0.786008,2.803363,-109.999999,50.0,0.0,70.0,0,0,0,0,0,0,0,0
0192_tilt_050_pan_120_f70.jpg,1.990242,1.149067,2.803363,-120.000003,50.0,0.0,70.0,0,0,0,0,0,0,0,0
0193_tilt_050_pan_130_f70.jpg,1.760472,1.477212,2.803363,-130.000001,50.0,0.0,70.0,0,0,0,0,0,0,0,0
0194_tilt_050_pan_140_f70.jpg,1.477212,1.760472,2.803363,-139.999999,50.0,0.0,70.0,0,0,0,0,0,0,0,0
0195_tilt_050_pan_150_f70.jpg,1.149067,1.990242,2.803363,-149.999997,50.0,0.0,70.0,0,0,0,0,0,0,0,0
0196_tilt_050_pan_160_f70.jpg,0.786008,2.159539,2.803363,-159.999995,50.0,0.0,70.0,0,0,0,0,0,0,0,0
0197_tilt_050_pan_170_f70.jpg,0.399067,2.26322,2.803363,-169.999993,50.0,0.0,70.0,0,0,0,0,0,0,0,0
0198_tilt_050_pan_180_f70.jpg,0.0,2.298133,2.803363,-180.000005,50.0,0.0,70.0,0,0,0,0,0,0,0,0
0199_tilt_050_pan_190_f70.jpg,-0.399067,2.26322,2.803363,-190.000003,50.0,0.0,70.0,0,0,0,0,0,0,0,0
0200_tilt_050_pan_200_f70.jpg,-0.786008,2.159539,2.803363,-200.000001,50.0,0.0,70.0,0,0,0,0,0,0,0,0
0201_tilt_050_pan_210_f70.jpg,-1.149067,1.990242,2.803363,-209.999999,50.0,0.0,70.0,0,0,0,0,0,0,0,0
0202_tilt_050_pan_220_f70.jpg,-1.477212,1.760472,2.803363,-219.999997,50.0,0.0,70.0,0,0,0,0,0,0,0,0
0203_tilt_050_pan_230_f70.jpg,-1.760472,1.477212,2.803363,-230.000009,50.0,0.0,70.0,0,0,0,0,0,0,0,0
0204_tilt_050_pan_240_f70.jpg,-1.990242,1.149067,2.803363,-240.000007,50.0,0.0,70.0,0,0,0,0,0,0,0,0
0205_tilt_050_pan_250_f70.jpg,-2.159539,0.786008,2.803363,-250.000005,50.0,0.0,70.0,0,0,0,0,0,0,0,0
0206_tilt_050_pan_260_f70.jpg,-2.26322,0.399067,2.803363,-260.000003,50.0,0.0,70.0,0,0,0,0,0,0,0,0
0207_tilt_050_pan_270_f70.jpg,-2.298133,0.0,2.803363,-270.000001,50.0,0.0,70.0,0,0,0,0,0,0,0,0
0208_tilt_050_pan_280_f70.jpg,-2.26322,-0.399067,2.803363,-279.999999,50.0,0.0,70.0,0,0,0,0,0,0,0,0
0209_tilt_050_pan_290_f70.jpg,-2.159539,-0.786008,2.803363,-289.999997,50.0,0.0,70.0,0,0,0,0,0,0,0,0
0210_tilt_050_pan_300_f70.jpg,-1.990242,-1.149067,2.803363,-299.999995,50.0,0.0,70.0,0,0,0,0,0,0,0,0
0211_tilt_050_pan_310_f70.jpg,-1.760472,-1.477212,2.803363,-309.999993,50.0,0.0,70.0,0,0,0,0,0,0,0,0
0212_tilt_050_pan_320_f70.jpg,-1.477212,-1.760472,2.803363,-319.999991,50.0,0.0,70.0,0,0,0,0,0,0,0,0
0213_tilt_050_pan_330_f70.jpg,-1.149067,-1.990242,2.803363,-329.999989,50.0,0.0,70.0,0,0,0,0,0,0,0,0
0214_tilt_050_pan_340_f70.jpg,-0.786008,-2.159539,2.803363,-339.999987,50.0,0.0,70.0,0,0,0,0,0,0,0,0
0215_tilt_050_pan_350_f70.jpg,-0.399067,-2.26322,2.803363,-350.000012,50.0,0.0,70.0,0,0,0,0,0,0,0,0
0216_tilt_060_pan_000_f70.jpg,0.0,-2.598076,2.375,-0.0,60.000002,0.0,70.0,0,0,0,0,0,0,0,0
0217_tilt_060_pan_010_f70.jpg,0.451151,-2.558606,2.375,-10.0,60.000002,0.0,70.0,0,0,0,0,0,0,0,0
0218_tilt_060_pan_020_f70.jpg,0.888594,-2.441393,2.375,-19.999999,60.000002,0.0,70.0,0,0,0,0,0,0,0,0
0219_tilt_060_pan_030_f70.jpg,1.299038,-2.25,2.375,-30.000001,60.000002,0.0,70.0,0,0,0,0,0,0,0,0
0220_tilt_060_pan_040_f70.jpg,1.670011,-1.990242,2.375,-39.999999,60.000002,0.0,70.0,0,0,0,0,0,0,0,0
0221_tilt_060_pan_050_f70.jpg,1.990242,-1.670011,2.375,-50.0,60.000002,0.0,70.0,0,0,0,0,0,0,0,0
0222_tilt_060_pan_060_f70.jpg,2.25,-1.299038,2.375,-60.000002,60.000002,0.0,70.0,0,0,0,0,0,0,0,0
0223_tilt_060_pan_070_f70.jpg,2.441393,-0.888594,2.375,-70.0,60.000002,0.0,70.0,0,0,0,0,0,0,0,0
0224_tilt_060_pan_080_f70.jpg,2.558606,-0.451151,2.375,-79.999998,60.000002,0.0,70.0,0,0,0,0,0,0,0,0
0225_tilt_060_pan_090_f70.jpg,2.598076,-0.0,2.375,-90.000003,60.000002,0.0,70.0,0,0,0,0,0,0,0,0
0226_tilt_060_pan_100_f70.jpg,2.558606,0.451151,2.375,-100.000001,60.000002,0.0,70.0,0,0,0,0,0,0,0,0
0227_tilt_060_pan_110_f70.jpg,2.441393,0.888594,2.375,-109.999999,60.000002,0.0,70.0,0,0,0,0,0,0,0,0
0228_tilt_060_pan_120_f70.jpg,2.25,1.299038,2.375,-120.000003,60.000002,0.0,70.0,0,0,0,0,0,0,0,0
0229_tilt_060_pan_130_f70.jpg,1.990242,1.670011,2.375,-130.000001,60.000002,0.0,70.0,0,0,0,0,0,0,0,0
0230_tilt_060_pan_140_f70.jpg,1.670011,1.990242,2.375,-139.999999,60.000002,0.0,70.0,0,0,0,0,0,0,0,0
0231_tilt_060_pan_150_f70.jpg,1.299038,2.25,2.375,-149.999997,60.000002,0.0,70.0,0,0,0,0,0,0,0,0
0232_tilt_060_pan_160_f70.jpg,0.888594,2.441393,2.375,-159.999995,60.000002,0.0,70.0,0,0,0,0,0,0,0,0
0233_tilt_060_pan_170_f70.jpg,0.451151,2.558606,2.375,-169.999993,60.000002,0.0,70.0,0,0,0,0,0,0,0,0
0234_tilt_060_pan_180_f70.jpg,0.0,2.598076,2.375,-180.000005,60.000002,0.0,70.0,0,0,0,0,0,0,0,0
0235_tilt_060_pan_190_f70.jpg,-0.451151,2.558606,2.375,-190.000003,60.000002,0.0,70.0,0,0,0,0,0,0,0,0
0236_tilt_060_pan_200_f70.jpg,-0.888594,2.441393,2.375,-200.000001,60.000002,0.0,70.0,0,0,0,0,0,0,0,0
0237_tilt_060_pan_210_f70.jpg,-1.299038,2.25,2.375,-209.999999,60.000002,0.0,70.0,0,0,0,0,0,0,0,0
0238_tilt_060_pan_220_f70.jpg,-1.670011,1.990242,2.375,-219.999997,60.000002,0.0,70.0,0,0,0,0,0,0,0,0
0239_tilt_060_pan_230_f70.jpg,-1.990242,1.670011,2.375,-230.000009,60.000002,0.0,70.0,0,0,0,0,0,0,0,0
0240_tilt_060_pan_240_f70.jpg,-2.25,1.299038,2.375,-240.000007,60.000002,0.0,70.0,0,0,0,0,0,0,0,0
0241_tilt_060_pan_250_f70.jpg,-2.441393,0.888594,2.375,-250.000005,60.000002,0.0,70.0,0,0,0,0,0,0,0,0
0242_tilt_060_pan_260_f70.jpg,-2.558606,0.451151,2.375,-260.000003,60.000002,0.0,70.0,0,0,0,0,0,0,0,0
0243_tilt_060_pan_270_f70.jpg,-2.598076,0.0,2.375,-270.000001,60.000002,0.0,70.0,0,0,0,0,0,0,0,0
0244_tilt_060_pan_280_f70.jpg,-2.558606,-0.451151,2.375,-279.999999,60.000002,0.0,70.0,0,0,0,0,0,0,0,0
0245_tilt_060_pan_290_f70.jpg,-2.441393,-0.888594,2.375,-289.999997,60.000002,0.0,70.0,0,0,0,0,0,0,0,0
0246_tilt_060_pan_300_f70.jpg,-2.25,-1.299038,2.375,-299.999995,60.000002,0.0,70.0,0,0,0,0,0,0,0,0
0247_tilt_060_pan_310_f70.jpg,-1.990242,-1.670011,2.375,-309.999993,60.000002,0.0,70.0,0,0,0,0,0,0,0,0
0248_tilt_060_pan_320_f70.jpg,-1.670011,-1.990242,2.375,-319.999991,60.000002,0.0,70.0,0,0,0,0,0,0,0,0
0249_tilt_060_pan_330_f70.jpg,-1.299038,-2.25,2.375,-329.999989,60.000002,0.0,70.0,0,0,0,0,0,0,0,0
0250_tilt_060_pan_340_f70.jpg,-0.888594,-2.441393,2.375,-339.999987,60.000002,0.0,70.0,0,0,0,0,0,0,0,0
0251_tilt_060_pan_350_f70.jpg,-0.451151,-2.558606,2.375,-350.000012,60.000002,0.0,70.0,0,0,0,0,0,0,0,0
0252_tilt_070_pan_000_f70.jpg,0.0,-2.819078,1.90106,-0.0,70.0,0.0,70.0,0,0,0,0,0,0,0,0
0253_tilt_070_pan_010_f70.jpg,0.489528,-2.77625,1.90106,-10.0,70.0,0.0,70.0,0,0,0,0,0,0,0,0
0254_tilt_070_pan_020_f70.jpg,0.964181,-2.649067,1.90106,-19.999999,70.0,0.0,70.0,0,0,0,0,0,0,0,0
0255_tilt_070_pan_030_f70.jpg,1.409539,-2.441393,1.90106,-30.000001,70.0,0.0,70.0,0,0,0,0,0,0,0,0
0256_tilt_070_pan_040_f70.jpg,1.812068,-2.159539,1.90106,-39.999999,70.0,0.0,70.0,0,0,0,0,0,0,0,0
0257_tilt_070_pan_050_f70.jpg,2.159539,-1.812068,1.90106,-50.0,70.0,0.0,70.0,0,0,0,0,0,0,0,0
0258_tilt_070_pan_060_f70.jpg,2.441393,-1.409539,1.90106,-60.000002,70.0,0.0,70.0,0,0,0,0,0,0,0,0
0259_tilt_070_pan_070_f70.jpg,2.649067,-0.964181,1.90106,-70.0,70.0,0.0,70.0,0,0,0,0,0,0,0,0
0260_tilt_070_pan_080_f70.jpg,2.77625,-0.489528,1.90106,-79.999998,70.0,0.0,70.0,0,0,0,0,0,0,0,0
0261_tilt_070_pan_090_f70.jpg,2.819078,-0.0,1.90106,-90.000003,70.0,0.0,70.0,0,0,0,0,0,0,0,0
0262_tilt_070_pan_100_f70.jpg,2.77625,0.489528,1.90106,-100.000001,70.0,0.0,70.0,0,0,0,0,0,0,0,0
0263_tilt_070_pan_110_f70.jpg,2.649067,0.964181,1.90106,-109.999999,70.0,0.0,70.0,0,0,0,0,0,0,0,0
0264_tilt_070_pan_120_f70.jpg,2.441393,1.409539,1.90106,-120.000003,70.0,0.0,70.0,0,0,0,0,0,0,0,0
0265_tilt_070_pan_130_f70.jpg,2.159539,1.812068,1.90106,-130.000001,70.0,0.0,70.0,0,0,0,0,0,0,0,0
0266_tilt_070_pan_140_f70.jpg,1.812068,2.159539,1.90106,-139.999999,70.0,0.0,70.0,0,0,0,0,0,0,0,0
0267_tilt_070_pan_150_f70.jpg,1.409539,2.441393,1.90106,-149.999997,70.0,0.0,70.0,0,0,0,0,0,0,0,0
0268_tilt_070_pan_160_f70.jpg,0.964181,2.649067,1.90106,-159.999995,70.0,0.0,70.0,0,0,0,0,0,0,0,0
0269_tilt_070_pan_170_f70.jpg,0.489528,2.77625,1.90106,-169.999993,70.0,0.0,70.0,0,0,0,0,0,0,0,0
0270_tilt_070_pan_180_f70.jpg,0.0,2.819078,1.90106,-180.000005,70.0,0.0,70.0,0,0,0,0,0,0,0,0
0271_tilt_070_pan_190_f70.jpg,-0.489528,2.77625,1.90106,-190.000003,70.0,0.0,70.0,0,0,0,0,0,0,0,0
0272_tilt_070_pan_200_f70.jpg,-0.964181,2.649067,1.90106,-200.000001,70.0,0.0,70.0,0,0,0,0,0,0,0,0
0273_tilt_070_pan_210_f70.jpg,-1.409539,2.441393,1.90106,-209.999999,70.0,0.0,70.0,0,0,0,0,0,0,0,0
0274_tilt_070_pan_220_f70.jpg,-1.812068,2.159539,1.90106,-219.999997,70.0,0.0,70.0,0,0,0,0,0,0,0,0
0275_tilt_070_pan_230_f70.jpg,-2.159539,1.812068,1.90106,-230.000009,70.0,0.0,70.0,0,0,0,0,0,0,0,0
0276_tilt_070_pan_240_f70.jpg,-2.441393,1.409539,1.90106,-240.000007,70.0,0.0,70.0,0,0,0,0,0,0,0,0
0277_tilt_070_pan_250_f70.jpg,-2.649067,0.964181,1.90106,-250.000005,70.0,0.0,70.0,0,0,0,0,0,0,0,0
0278_tilt_070_pan_260_f70.jpg,-2.77625,0.489528,1.90106,-260.000003,70.0,0.0,70.0,0,0,0,0,0,0,0,0
0279_tilt_070_pan_270_f70.jpg,-2.819078,0.0,1.90106,-270.000001,70.0,0.0,70.0,0,0,0,0,0,0,0,0
0280_tilt_070_pan_280_f70.jpg,-2.77625,-0.489528,1.90106,-279.999999,70.0,0.0,70.0,0,0,0,0,0,0,0,0
0281_tilt_070_pan_290_f70.jpg,-2.649067,-0.964181,1.90106,-289.999997,70.0,0.0,70.0,0,0,0,0,0,0,0,0
0282_tilt_070_pan_300_f70.jpg,-2.441393,-1.409539,1.90106,-299.999995,70.0,0.0,70.0,0,0,0,0,0,0,0,0
0283_tilt_070_pan_310_f70.jpg,-2.159539,-1.812068,1.90106,-309.999993,70.0,0.0,70.0,0,0,0,0,0,0,0,0
0284_tilt_070_pan_320_f70.jpg,-1.812068,-2.159539,1.90106,-319.999991,70.0,0.0,70.0,0,0,0,0,0,0,0,0
0285_tilt_070_pan_330_f70.jpg,-1.409539,-2.441393,1.90106,-329.999989,70.0,0.0,70.0,0,0,0,0,0,0,0,0
0286_tilt_070_pan_340_f70.jpg,-0.964181,-2.649067,1.90106,-339.999987,70.0,0.0,70.0,0,0,0,0,0,0,0,0
0287_tilt_070_pan_350_f70.jpg,-0.489528,-2.77625,1.90106,-350.000012,70.0,0.0,70.0,0,0,0,0,0,0,0,0
0288_tilt_080_pan_000_f70.jpg,0.0,-2.954423,1.395944,-0.0,79.999998,0.0,70.0,0,0,0,0,0,0,0,0
0289_tilt_080_pan_010_f70.jpg,0.51303,-2.909539,1.395944,-10.0,79.999998,0.0,70.0,0,0,0,0,0,0,0,0
0290_tilt_080_pan_020_f70.jpg,1.010472,-2.77625,1.395944,-19.999999,79.999998,0.0,70.0,0,0,0,0,0,0,0,0
0291_tilt_080_pan_030_f70.jpg,1.477212,-2.558606,1.395944,-30.000001,79.999998,0.0,70.0,0,0,0,0,0,0,0,0
0292_tilt_080_pan_040_f70.jpg,1.899067,-2.26322,1.395944,-39.999999,79.999998,0.0,70.0,0,0,0,0,0,0,0,0
0293_tilt_080_pan_050_f70.jpg,2.26322,-1.899067,1.395944,-50.0,79.999998,0.0,70.0,0,0,0,0,0,0,0,0
0294_tilt_080_pan_060_f70.jpg,2.558606,-1.477212,1.395944,-60.000002,79.999998,0.0,70.0,0,0,0,0,0,0,0,0
0295_tilt_080_pan_070_f70.jpg,2.77625,-1.010472,1.395944,-70.0,79.999998,0.0,70.0,0,0,0,0,0,0,0,0
0296_tilt_080_pan_080_f70.jpg,2.909539,-0.51303,1.395944,-79.999998,79.999998,0.0,70.0,0,0,0,0,0,0,0,0
0297_tilt_080_pan_090_f70.jpg,2.954423,-0.0,1.395944,-90.000003,79.999998,0.0,70.0,0,0,0,0,0,0,0,0
0298_tilt_080_pan_100_f70.jpg,2.909539,0.51303,1.395944,-100.000001,79.999998,0.0,70.0,0,0,0,0,0,0,0,0
0299_tilt_080_pan_110_f70.jpg,2.77625,1.010472,1.395944,-109.999999,79.999998,0.0,70.0,0,0,0,0,0,0,0,0
0300_tilt_080_pan_120_f70.jpg,2.558606,1.477212,1.395944,-120.000003,79.999998,0.0,70.0,0,0,0,0,0,0,0,0
0301_tilt_080_pan_130_f70.jpg,2.26322,1.899067,1.395944,-130.000001,79.999998,0.0,70.0,0,0,0,0,0,0,0,0
0302_tilt_080_pan_140_f70.jpg,1.899067,2.26322,1.395944,-139.999999,79.999998,0.0,70.0,0,0,0,0,0,0,0,0
0303_tilt_080_pan_150_f70.jpg,1.477212,2.558606,1.395944,-149.999997,79.999998,0.0,70.0,0,0,0,0,0,0,0,0
0304_tilt_080_pan_160_f70.jpg,1.010472,2.77625,1.395944,-159.999995,79.999998,0.0,70.0,0,0,0,0,0,0,0,0
0305_tilt_080_pan_170_f70.jpg,0.51303,2.909539,1.395944,-169.999993,79.999998,0.0,70.0,0,0,0,0,0,0,0,0
0306_tilt_080_pan_180_f70.jpg,0.0,2.954423,1.395944,-180.000005,79.999998,0.0,70.0,0,0,0,0,0,0,0,0
0307_tilt_080_pan_190_f70.jpg,-0.51303,2.909539,1.395944,-190.000003,79.999998,0.0,70.0,0,0,0,0,0,0,0,0
0308_tilt_080_pan_200_f70.jpg,-1.010472,2.77625,1.395944,-200.000001,79.999998,0.0,70.0,0,0,0,0,0,0,0,0
0309_tilt_080_pan_210_f70.jpg,-1.477212,2.558606,1.395944,-209.999999,79.999998,0.0,70.0,0,0,0,0,0,0,0,0
0310_tilt_080_pan_220_f70.jpg,-1.899067,2.26322,1.395944,-219.999997,79.999998,0.0,70.0,0,0,0,0,0,0,0,0
0311_tilt_080_pan_230_f70.jpg,-2.26322,1.899067,1.395944,-230.000009,79.999998,0.0,70.0,0,0,0,0,0,0,0,0
0312_tilt_080_pan_240_f70.jpg,-2.558606,1.477212,1.395944,-240.000007,79.999998,0.0,70.0,0,0,0,0,0,0,0,0
0313_tilt_080_pan_250_f70.jpg,-2.77625,1.010472,1.395944,-250.000005,79.999998,0.0,70.0,0,0,0,0,0,0,0,0
0314_tilt_080_pan_260_f70.jpg,-2.909539,0.51303,1.395944,-260.000003,79.999998,0.0,70.0,0,0,0,0,0,0,0,0
0315_tilt_080_pan_270_f70.jpg,-2.954423,0.0,1.395944,-270.000001,79.999998,0.0,70.0,0,0,0,0,0,0,0,0
0316_tilt_080_pan_280_f70.jpg,-2.909539,-0.51303,1.395944,-279.999999,79.999998,0.0,70.0,0,0,0,0,0,0,0,0
0317_tilt_080_pan_290_f70.jpg,-2.77625,-1.010472,1.395944,-289.999997,79.999998,0.0,70.0,0,0,0,0,0,0,0,0
0318_tilt_080_pan_300_f70.jpg,-2.558606,-1.477212,1.395944,-299.999995,79.999998,0.0,70.0,0,0,0,0,0,0,0,0
0319_tilt_080_pan_310_f70.jpg,-2.26322,-1.899067,1.395944,-309.999993,79.999998,0.0,70.0,0,0,0,0,0,0,0,0
0320_tilt_080_pan_320_f70.jpg,-1.899067,-2.26322,1.395944,-319.999991,79.999998,0.0,70.0,0,0,0,0,0,0,0,0
0321_tilt_080_pan_330_f70.jpg,-1.477212,-2.558606,1.395944,-329.999989,79.999998,0.0,70.0,0,0,0,0,0,0,0,0
0322_tilt_080_pan_340_f70.jpg,-1.010472,-2.77625,1.395944,-339.999987,79.999998,0.0,70.0,0,0,0,0,0,0,0,0
0323_tilt_080_pan_350_f70.jpg,-0.51303,-2.909539,1.395944,-350.000012,79.999998,0.0,70.0,0,0,0,0,0,0,0,0
0324_tilt_090_pan_000_f70.jpg,0.0,-3.0,0.875,-0.0,90.000003,0.0,70.0,0,0,0,0,0,0,0,0
0325_tilt_090_pan_010_f70.jpg,0.520945,-2.954423,0.875,-10.0,90.000003,0.0,70.0,0,0,0,0,0,0,0,0
0326_tilt_090_pan_020_f70.jpg,1.02606,-2.819078,0.875,-19.999999,90.000003,0.0,70.0,0,0,0,0,0,0,0,0
0327_tilt_090_pan_030_f70.jpg,1.5,-2.598076,0.875,-30.000001,90.000003,0.0,70.0,0,0,0,0,0,0,0,0
0328_tilt_090_pan_040_f70.jpg,1.928363,-2.298133,0.875,-39.999999,90.000003,0.0,70.0,0,0,0,0,0,0,0,0
0329_tilt_090_pan_050_f70.jpg,2.298133,-1.928363,0.875,-50.0,90.000003,0.0,70.0,0,0,0,0,0,0,0,0
0330_tilt_090_pan_060_f70.jpg,2.598076,-1.5,0.875,-60.000002,90.000003,0.0,70.0,0,0,0,0,0,0,0,0
0331_tilt_090_pan_070_f70.jpg,2.819078,-1.02606,0.875,-70.0,90.000003,0.0,70.0,0,0,0,0,0,0,0,0
0332_tilt_090_pan_080_f70.jpg,2.954423,-0.520945,0.875,-79.999998,90.000003,0.0,70.0,0,0,0,0,0,0,0,0
0333_tilt_090_pan_090_f70.jpg,3.0,-0.0,0.875,-90.000003,90.000003,0.0,70.0,0,0,0,0,0,0,0,0
0334_tilt_090_pan_100_f70.jpg,2.954423,0.520945,0.875,-100.000001,90.000003,0.0,70.0,0,0,0,0,0,0,0,0
0335_tilt_090_pan_110_f70.jpg,2.819078,1.02606,0.875,-109.999999,90.000003,0.0,70.0,0,0,0,0,0,0,0,0
0336_tilt_090_pan_120_f70.jpg,2.598076,1.5,0.875,-120.000003,90.000003,0.0,70.0,0,0,0,0,0,0,0,0
0337_tilt_090_pan_130_f70.jpg,2.298133,1.928363,0.875,-130.000001,90.000003,0.0,70.0,0,0,0,0,0,0,0,0
0338_tilt_090_pan_140_f70.jpg,1.928363,2.298133,0.875,-139.999999,90.000003,0.0,70.0,0,0,0,0,0,0,0,0
0339_tilt_090_pan_150_f70.jpg,1.5,2.598076,0.875,-149.999997,90.000003,0.0,70.0,0,0,0,0,0,0,0,0
0340_tilt_090_pan_160_f70.jpg,1.02606,2.819078,0.875,-159.999995,90.000003,0.0,70.0,0,0,0,0,0,0,0,0
0341_tilt_090_pan_170_f70.jpg,0.520945,2.954423,0.875,-169.999993,90.000003,0.0,70.0,0,0,0,0,0,0,0,0
0342_tilt_090_pan_180_f70.jpg,0.0,3.0,0.875,-180.000005,90.000003,0.0,70.0,0,0,0,0,0,0,0,0
0343_tilt_090_pan_190_f70.jpg,-0.520945,2.954423,0.875,-190.000003,90.000003,0.0,70.0,0,0,0,0,0,0,0,0
0344_tilt_090_pan_200_f70.jpg,-1.02606,2.819078,0.875,-200.000001,90.000003,0.0,70.0,0,0,0,0,0,0,0,0
0345_tilt_090_pan_210_f70.jpg,-1.5,2.598076,0.875,-209.999999,90.000003,0.0,70.0,0,0,0,0,0,0,0,0
0346_tilt_090_pan_220_f70.jpg,-1.928363,2.298133,0.875,-219.999997,90.000003,0.0,70.0,0,0,0,0,0,0,0,0
0347_tilt_090_pan_230_f70.jpg,-2.298133,1.928363,0.875,-230.000009,90.000003,0.0,70.0,0,0,0,0,0,0,0,0
0348_tilt_090_pan_240_f70.jpg,-2.598076,1.5,0.875,-240.000007,90.000003,0.0,70.0,0,0,0,0,0,0,0,0
0349_tilt_090_pan_250_f70.jpg,-2.819078,1.02606,0.875,-250.000005,90.000003,0.0,70.0,0,0,0,0,0,0,0,0
0350_tilt_090_pan_260_f70.jpg,-2.954423,0.520945,0.875,-260.000003,90.000003,0.0,70.0,0,0,0,0,0,0,0,0
0351_tilt_090_pan_270_f70.jpg,-3.0,0.0,0.875,-270.000001,90.000003,0.0,70.0,0,0,0,0,0,0,0,0
0352_tilt_090_pan_280_f70.jpg,-2.954423,-0.520945,0.875,-279.999999,90.000003,0.0,70.0,0,0,0,0,0,0,0,0
0353_tilt_090_pan_290_f70.jpg,-2.819078,-1.02606,0.875,-289.999997,90.000003,0.0,70.0,0,0,0,0,0,0,0,0
0354_tilt_090_pan_300_f70.jpg,-2.598076,-1.5,0.875,-299.999995,90.000003,0.0,70.0,0,0,0,0,0,0,0,0
0355_tilt_090_pan_310_f70.jpg,-2.298133,-1.928363,0.875,-309.999993,90.000003,0.0,70.0,0,0,0,0,0,0,0,0
0356_tilt_090_pan_320_f70.jpg,-1.928363,-2.298133,0.875,-319.999991,90.000003,0.0,70.0,0,0,0,0,0,0,0,0
0357_tilt_090_pan_330_f70.jpg,-1.5,-2.598076,0.875,-329.999989,90.000003,0.0,70.0,0,0,0,0,0,0,0,0
0358_tilt_090_pan_340_f70.jpg,-1.02606,-2.819078,0.875,-339.999987,90.000003,0.0,70.0,0,0,0,0,0,0,0,0
0359_tilt_090_pan_350_f70.jpg,-0.520945,-2.954423,0.875,-350.000012,90.000003,0.0,70.0,0,0,0,0,0,0,0,0
0360_tilt_100_pan_000_f70.jpg,0.0,-2.954423,0.354055,-0.0,100.000001,0.0,70.0,0,0,0,0,0,0,0,0
0361_tilt_100_pan_010_f70.jpg,0.51303,-2.909539,0.354055,-10.0,100.000001,0.0,70.0,0,0,0,0,0,0,0,0
0362_tilt_100_pan_020_f70.jpg,1.010472,-2.77625,0.354055,-19.999999,100.000001,0.0,70.0,0,0,0,0,0,0,0,0
0363_tilt_100_pan_030_f70.jpg,1.477212,-2.558606,0.354055,-30.000001,100.000001,0.0,70.0,0,0,0,0,0,0,0,0
0364_tilt_100_pan_040_f70.jpg,1.899067,-2.26322,0.354055,-39.999999,100.000001,0.0,70.0,0,0,0,0,0,0,0,0
0365_tilt_100_pan_050_f70.jpg,2.26322,-1.899067,0.354055,-50.0,100.000001,0.0,70.0,0,0,0,0,0,0,0,0
0366_tilt_100_pan_060_f70.jpg,2.558606,-1.477212,0.354055,-60.000002,100.000001,0.0,70.0,0,0,0,0,0,0,0,0
0367_tilt_100_pan_070_f70.jpg,2.77625,-1.010472,0.354055,-70.0,100.000001,0.0,70.0,0,0,0,0,0,0,0,0
0368_tilt_100_pan_080_f70.jpg,2.909539,-0.51303,0.354055,-79.999998,100.000001,0.0,70.0,0,0,0,0,0,0,0,0
0369_tilt_100_pan_090_f70.jpg,2.954423,-0.0,0.354055,-90.000003,100.000001,0.0,70.0,0,0,0,0,0,0,0,0
0370_tilt_100_pan_100_f70.jpg,2.909539,0.51303,0.354055,-100.000001,100.000001,0.0,70.0,0,0,0,0,0,0,0,0
0371_tilt_100_pan_110_f70.jpg,2.77625,1.010472,0.354055,-109.999999,100.000001,0.0,70.0,0,0,0,0,0,0,0,0
0372_tilt_100_pan_120_f70.jpg,2.558606,1.477212,0.354055,-120.000003,100.000001,0.0,70.0,0,0,0,0,0,0,0,0
0373_tilt_100_pan_130_f70.jpg,2.26322,1.899067,0.354055,-130.000001,100.000001,0.0,70.0,0,0,0,0,0,0,0,0
0374_tilt_100_pan_140_f70.jpg,1.899067,2.26322,0.354055,-139.999999,100.000001,0.0,70.0,0,0,0,0,0,0,0,0
0375_tilt_100_pan_150_f70.jpg,1.477212,2.558606,0.354055,-149.999997,100.000001,0.0,70.0,0,0,0,0,0,0,0,0
0376_tilt_100_pan_160_f70.jpg,1.010472,2.77625,0.354055,-159.999995,100.000001,0.0,70.0,0,0,0,0,0,0,0,0
0377_tilt_100_pan_170_f70.jpg,0.51303,2.909539,0.354055,-169.999993,100.000001,0.0,70.0,0,0,0,0,0,0,0,0
0378_tilt_100_pan_180_f70.jpg,0.0,2.954423,0.354055,-180.000005,100.000001,0.0,70.0,0,0,0,0,0,0,0,0
0379_tilt_100_pan_190_f70.jpg,-0.51303,2.909539,0.354055,-190.000003,100.000001,0.0,70.0,0,0,0,0,0,0,0,0
0380_tilt_100_pan_200_f70.jpg,-1.010472,2.77625,0.354055,-200.000001,100.000001,0.0,70.0,0,0,0,0,0,0,0,0
0381_tilt_100_pan_210_f70.jpg,-1.477212,2.558606,0.354055,-209.999999,100.000001,0.0,70.0,0,0,0,0,0,0,0,0
0382_tilt_100_pan_220_f70.jpg,-1.899067,2.26322,0.354055,-219.999997,100.000001,0.0,70.0,0,0,0,0,0,0,0,0
0383_tilt_100_pan_230_f70.jpg,-2.26322,1.899067,0.354055,-230.000009,100.000001,0.0,70.0,0,0,0,0,0,0,0,0
0384_tilt_100_pan_240_f70.jpg,-2.558606,1.477212,0.354055,-240.000007,100.000001,0.0,70.0,0,0,0,0,0,0,0,0
0385_tilt_100_pan_250_f70.jpg,-2.77625,1.010472,0.354055,-250.000005,100.000001,0.0,70.0,0,0,0,0,0,0,0,0
0386_tilt_100_pan_260_f70.jpg,-2.909539,0.51303,0.354055,-260.000003,100.000001,0.0,70.0,0,0,0,0,0,0,0,0
0387_tilt_100_pan_270_f70.jpg,-2.954423,0.0,0.354055,-270.000001,100.000001,0.0,70.0,0,0,0,0,0,0,0,0
0388_tilt_100_pan_280_f70.jpg,-2.909539,-0.51303,0.354055,-279.999999,100.000001,0.0,70.0,0,0,0,0,0,0,0,0
0389_tilt_100_pan_290_f70.jpg,-2.77625,-1.010472,0.354055,-289.999997,100.000001,0.0,70.0,0,0,0,0,0,0,0,0
0390_tilt_100_pan_300_f70.jpg,-2.558606,-1.477212,0.354055,-299.999995,100.000001,0.0,70.0,0,0,0,0,0,0,0,0
0391_tilt_100_pan_310_f70.jpg,-2.26322,-1.899067,0.354055,-309.999993,100.000001,0.0,70.0,0,0,0,0,0,0,0,0
0392_tilt_100_pan_320_f70.jpg,-1.899067,-2.26322,0.354055,-319.999991,100.000001,0.0,70.0,0,0,0,0,0,0,0,0
0393_tilt_100_pan_330_f70.jpg,-1.477212,-2.558606,0.354055,-329.999989,100.000001,0.0,70.0,0,0,0,0,0,0,0,0
0394_tilt_100_pan_340_f70.jpg,-1.010472,-2.77625,0.354055,-339.999987,100.000001,0.0,70.0,0,0,0,0,0,0,0,0
0395_tilt_100_pan_350_f70.jpg,-0.51303,-2.909539,0.354055,-350.000012,100.000001,0.0,70.0,0,0,0,0,0,0,0,0
0396_tilt_110_pan_000_f70.jpg,0.0,-2.819078,-0.15106,-0.0,109.999999,0.0,70.0,0,0,0,0,0,0,0,0
0397_tilt_110_pan_010_f70.jpg,0.489528,-2.77625,-0.15106,-10.0,109.999999,0.0,70.0,0,0,0,0,0,0,0,0
0398_tilt_110_pan_020_f70.jpg,0.964181,-2.649067,-0.15106,-19.999999,109.999999,0.0,70.0,0,0,0,0,0,0,0,0
0399_tilt_110_pan_030_f70.jpg,1.409539,-2.441393,-0.15106,-30.000001,109.999999,0.0,70.0,0,0,0,0,0,0,0,0
0400_tilt_110_pan_040_f70.jpg,1.812068,-2.159539,-0.15106,-39.999999,109.999999,0.0,70.0,0,0,0,0,0,0,0,0
0401_tilt_110_pan_050_f70.jpg,2.159539,-1.812068,-0.15106,-50.0,109.999999,0.0,70.0,0,0,0,0,0,0,0,0
0402_tilt_110_pan_060_f70.jpg,2.441393,-1.409539,-0.15106,-60.000002,109.999999,0.0,70.0,0,0,0,0,0,0,0,0
0403_tilt_110_pan_070_f70.jpg,2.649067,-0.964181,-0.15106,-70.0,109.999999,0.0,70.0,0,0,0,0,0,0,0,0
0404_tilt_110_pan_080_f70.jpg,2.77625,-0.489528,-0.15106,-79.999998,109.999999,0.0,70.0,0,0,0,0,0,0,0,0
0405_tilt_110_pan_090_f70.jpg,2.819078,-0.0,-0.15106,-90.000003,109.999999,0.0,70.0,0,0,0,0,0,0,0,0
0406_tilt_110_pan_100_f70.jpg,2.77625,0.489528,-0.15106,-100.000001,109.999999,0.0,70.0,0,0,0,0,0,0,0,0
0407_tilt_110_pan_110_f70.jpg,2.649067,0.964181,-0.15106,-109.999999,109.999999,0.0,70.0,0,0,0,0,0,0,0,0
0408_tilt_110_pan_120_f70.jpg,2.441393,1.409539,-0.15106,-120.000003,109.999999,0.0,70.0,0,0,0,0,0,0,0,0
0409_tilt_110_pan_130_f70.jpg,2.159539,1.812068,-0.15106,-130.000001,109.999999,0.0,70.0,0,0,0,0,0,0,0,0
0410_tilt_110_pan_140_f70.jpg,1.812068,2.159539,-0.15106,-139.999999,109.999999,0.0,70.0,0,0,0,0,0,0,0,0
0411_tilt_110_pan_150_f70.jpg,1.409539,2.441393,-0.15106,-149.999997,109.999999,0.0,70.0,0,0,0,0,0,0,0,0
0412_tilt_110_pan_160_f70.jpg,0.964181,2.649067,-0.15106,-159.999995,109.999999,0.0,70.0,0,0,0,0,0,0,0,0
0413_tilt_110_pan_170_f70.jpg,0.489528,2.77625,-0.15106,-169.999993,109.999999,0.0,70.0,0,0,0,0,0,0,0,0
0414_tilt_110_pan_180_f70.jpg,0.0,2.819078,-0.15106,-180.000005,109.999999,0.0,70.0,0,0,0,0,0,0,0,0
0415_tilt_110_pan_190_f70.jpg,-0.489528,2.77625,-0.15106,-190.000003,109.999999,0.0,70.0,0,0,0,0,0,0,0,0
0416_tilt_110_pan_200_f70.jpg,-0.964181,2.649067,-0.15106,-200.000001,109.999999,0.0,70.0,0,0,0,0,0,0,0,0
0417_tilt_110_pan_210_f70.jpg,-1.409539,2.441393,-0.15106,-209.999999,109.999999,0.0,70.0,0,0,0,0,0,0,0,0
0418_tilt_110_pan_220_f70.jpg,-1.812068,2.159539,-0.15106,-219.999997,109.999999,0.0,70.0,0,0,0,0,0,0,0,0
0419_tilt_110_pan_230_f70.jpg,-2.159539,1.812068,-0.15106,-230.000009,109.999999,0.0,70.0,0,0,0,0,0,0,0,0
0420_tilt_110_pan_240_f70.jpg,-2.441393,1.409539,-0.15106,-240.000007,109.999999,0.0,70.0,0,0,0,0,0,0,0,0
0421_tilt_110_pan_250_f70.jpg,-2.649067,0.964181,-0.15106,-250.000005,109.999999,0.0,70.0,0,0,0,0,0,0,0,0
0422_tilt_110_pan_260_f70.jpg,-2.77625,0.489528,-0.15106,-260.000003,109.999999,0.0,70.0,0,0,0,0,0,0,0,0
0423_tilt_110_pan_270_f70.jpg,-2.819078,0.0,-0.15106,-270.000001,109.999999,0.0,70.0,0,0,0,0,0,0,0,0
0424_tilt_110_pan_280_f70.jpg,-2.77625,-0.489528,-0.15106,-279.999999,109.999999,0.0,70.0,0,0,0,0,0,0,0,0
0425_tilt_110_pan_290_f70.jpg,-2.649067,-0.964181,-0.15106,-289.999997,109.999999,0.0,70.0,0,0,0,0,0,0,0,0
0426_tilt_110_pan_300_f70.jpg,-2.441393,-1.409539,-0.15106,-299.999995,109.999999,0.0,70.0,0,0,0,0,0,0,0,0
0427_tilt_110_pan_310_f70.jpg,-2.159539,-1.812068,-0.15106,-309.999993,109.999999,0.0,70.0,0,0,0,0,0,0,0,0
0428_tilt_110_pan_320_f70.jpg,-1.812068,-2.159539,-0.15106,-319.999991,109.999999,0.0,70.0,0,0,0,0,0,0,0,0
0429_tilt_110_pan_330_f70.jpg,-1.409539,-2.441393,-0.15106,-329.999989,109.999999,0.0,70.0,0,0,0,0,0,0,0,0
0430_tilt_110_pan_340_f70.jpg,-0.964181,-2.649067,-0.15106,-339.999987,109.999999,0.0,70.0,0,0,0,0,0,0,0,0
0431_tilt_110_pan_350_f70.jpg,-0.489528,-2.77625,-0.15106,-350.000012,109.999999,0.0,70.0,0,0,0,0,0,0,0,0
0432_tilt_120_pan_000_f70.jpg,0.0,-2.598076,-0.625,-0.0,120.000003,0.0,70.0,0,0,0,0,0,0,0,0
0433_tilt_120_pan_010_f70.jpg,0.451151,-2.558606,-0.625,-10.0,120.000003,0.0,70.0,0,0,0,0,0,0,0,0
0434_tilt_120_pan_020_f70.jpg,0.888594,-2.441393,-0.625,-19.999999,120.000003,0.0,70.0,0,0,0,0,0,0,0,0
0435_tilt_120_pan_030_f70.jpg,1.299038,-2.25,-0.625,-30.000001,120.000003,0.0,70.0,0,0,0,0,0,0,0,0
0436_tilt_120_pan_040_f70.jpg,1.670011,-1.990242,-0.625,-39.999999,120.000003,0.0,70.0,0,0,0,0,0,0,0,0
0437_tilt_120_pan_050_f70.jpg,1.990242,-1.670011,-0.625,-50.0,120.000003,0.0,70.0,0,0,0,0,0,0,0,0
0438_tilt_120_pan_060_f70.jpg,2.25,-1.299038,-0.625,-60.000002,120.000003,0.0,70.0,0,0,0,0,0,0,0,0
0439_tilt_120_pan_070_f70.jpg,2.441393,-0.888594,-0.625,-70.0,120.000003,0.0,70.0,0,0,0,0,0,0,0,0
0440_tilt_120_pan_080_f70.jpg,2.558606,-0.451151,-0.625,-79.999998,120.000003,0.0,70.0,0,0,0,0,0,0,0,0
0441_tilt_120_pan_090_f70.jpg,2.598076,-0.0,-0.625,-90.000003,120.000003,0.0,70.0,0,0,0,0,0,0,0,0
0442_tilt_120_pan_100_f70.jpg,2.558606,0.451151,-0.625,-100.000001,120.000003,0.0,70.0,0,0,0,0,0,0,0,0
0443_tilt_120_pan_110_f70.jpg,2.441393,0.888594,-0.625,-109.999999,120.000003,0.0,70.0,0,0,0,0,0,0,0,0
0444_tilt_120_pan_120_f70.jpg,2.25,1.299038,-0.625,-120.000003,120.000003,0.0,70.0,0,0,0,0,0,0,0,0
0445_tilt_120_pan_130_f70.jpg,1.990242,1.670011,-0.625,-130.000001,120.000003,0.0,70.0,0,0,0,0,0,0,0,0
0446_tilt_120_pan_140_f70.jpg,1.670011,1.990242,-0.625,-139.999999,120.000003,0.0,70.0,0,0,0,0,0,0,0,0
0447_tilt_120_pan_150_f70.jpg,1.299038,2.25,-0.625,-149.999997,120.000003,0.0,70.0,0,0,0,0,0,0,0,0
0448_tilt_120_pan_160_f70.jpg,0.888594,2.441393,-0.625,-159.999995,120.000003,0.0,70.0,0,0,0,0,0,0,0,0
0449_tilt_120_pan_170_f70.jpg,0.451151,2.558606,-0.625,-169.999993,120.000003,0.0,70.0,0,0,0,0,0,0,0,0
0450_tilt_120_pan_180_f70.jpg,0.0,2.598076,-0.625,-180.000005,120.000003,0.0,70.0,0,0,0,0,0,0,0,0
0451_tilt_120_pan_190_f70.jpg,-0.451151,2.558606,-0.625,-190.000003,120.000003,0.0,70.0,0,0,0,0,0,0,0,0
0452_tilt_120_pan_200_f70.jpg,-0.888594,2.441393,-0.625,-200.000001,120.000003,0.0,70.0,0,0,0,0,0,0,0,0
0453_tilt_120_pan_210_f70.jpg,-1.299038,2.25,-0.625,-209.999999,120.000003,0.0,70.0,0,0,0,0,0,0,0,0
0454_tilt_120_pan_220_f70.jpg,-1.670011,1.990242,-0.625,-219.999997,120.000003,0.0,70.0,0,0,0,0,0,0,0,0
0455_tilt_120_pan_230_f70.jpg,-1.990242,1.670011,-0.625,-230.000009,120.000003,0.0,70.0,0,0,0,0,0,0,0,0
0456_tilt_120_pan_240_f70.jpg,-2.25,1.299038,-0.625,-240.000007,120.000003,0.0,70.0,0,0,0,0,0,0,0,0
0457_tilt_120_pan_250_f70.jpg,-2.441393,0.888594,-0.625,-250.000005,120.000003,0.0,70.0,0,0,0,0,0,0,0,0
0458_tilt_120_pan_260_f70.jpg,-2.558606,0.451151,-0.625,-260.000003,120.000003,0.0,70.0,0,0,0,0,0,0,0,0
0459_tilt_120_pan_270_f70.jpg,-2.598076,0.0,-0.625,-270.000001,120.000003,0.0,70.0,0,0,0,0,0,0,0,0
0460_tilt_120_pan_280_f70.jpg,-2.558606,-0.451151,-0.625,-279.999999,120.000003,0.0,70.0,0,0,0,0,0,0,0,0
0461_tilt_120_pan_290_f70.jpg,-2.441393,-0.888594,-0.625,-289.999997,120.000003,0.0,70.0,0,0,0,0,0,0,0,0
0462_tilt_120_pan_300_f70.jpg,-2.25,-1.299038,-0.625,-299.999995,120.000003,0.0,70.0,0,0,0,0,0,0,0,0
0463_tilt_120_pan_310_f70.jpg,-1.990242,-1.670011,-0.625,-309.999993,120.000003,0.0,70.0,0,0,0,0,0,0,0,0
0464_tilt_120_pan_320_f70.jpg,-1.670011,-1.990242,-0.625,-319.999991,120.000003,0.0,70.0,0,0,0,0,0,0,0,0
0465_tilt_120_pan_330_f70.jpg,-1.299038,-2.25,-0.625,-329.999989,120.000003,0.0,70.0,0,0,0,0,0,0,0,0
0466_tilt_120_pan_340_f70.jpg,-0.888594,-2.441393,-0.625,-339.999987,120.000003,0.0,70.0,0,0,0,0,0,0,0,0
0467_tilt_120_pan_350_f70.jpg,-0.451151,-2.558606,-0.625,-350.000012,120.000003,0.0,70.0,0,0,0,0,0,0,0,0
0468_tilt_130_pan_000_f70.jpg,0.0,-2.298133,-1.053363,-0.0,130.000001,0.0,70.0,0,0,0,0,0,0,0,0
0469_tilt_130_pan_010_f70.jpg,0.399067,-2.26322,-1.053363,-10.0,130.000001,0.0,70.0,0,0,0,0,0,0,0,0
0470_tilt_130_pan_020_f70.jpg,0.786008,-2.159539,-1.053363,-19.999999,130.000001,0.0,70.0,0,0,0,0,0,0,0,0
0471_tilt_130_pan_030_f70.jpg,1.149067,-1.990242,-1.053363,-30.000001,130.000001,0.0,70.0,0,0,0,0,0,0,0,0
0472_tilt_130_pan_040_f70.jpg,1.477212,-1.760472,-1.053363,-39.999999,130.000001,0.0,70.0,0,0,0,0,0,0,0,0
0473_tilt_130_pan_050_f70.jpg,1.760472,-1.477212,-1.053363,-50.0,130.000001,0.0,70.0,0,0,0,0,0,0,0,0
0474_tilt_130_pan_060_f70.jpg,1.990242,-1.149067,-1.053363,-60.000002,130.000001,0.0,70.0,0,0,0,0,0,0,0,0
0475_tilt_130_pan_070_f70.jpg,2.159539,-0.786008,-1.053363,-70.0,130.000001,0.0,70.0,0,0,0,0,0,0,0,0
0476_tilt_130_pan_080_f70.jpg,2.26322,-0.399067,-1.053363,-79.999998,130.000001,0.0,70.0,0,0,0,0,0,0,0,0
0477_tilt_130_pan_090_f70.jpg,2.298133,-0.0,-1.053363,-90.000003,130.000001,0.0,70.0,0,0,0,0,0,0,0,0
0478_tilt_130_pan_100_f70.jpg,2.26322,0.399067,-1.053363,-100.000001,130.000001,0.0,70.0,0,0,0,0,0,0,0,0
0479_tilt_130_pan_110_f70.jpg,2.159539,0.786008,-1.053363,-109.999999,130.000001,0.0,70.0,0,0,0,0,0,0,0,0
0480_tilt_130_pan_120_f70.jpg,1.990242,1.149067,-1.053363,-120.000003,130.000001,0.0,70.0,0,0,0,0,0,0,0,0
0481_tilt_130_pan_130_f70.jpg,1.760472,1.477212,-1.053363,-130.000001,130.000001,0.0,70.0,0,0,0,0,0,0,0,0
0482_tilt_130_pan_140_f70.jpg,1.477212,1.760472,-1.053363,-139.999999,130.000001,0.0,70.0,0,0,0,0,0,0,0,0
0483_tilt_130_pan_150_f70.jpg,1.149067,1.990242,-1.053363,-149.999997,130.000001,0.0,70.0,0,0,0,0,0,0,0,0
0484_tilt_130_pan_160_f70.jpg,0.786008,2.159539,-1.053363,-159.999995,130.000001,0.0,70.0,0,0,0,0,0,0,0,0
0485_tilt_130_pan_170_f70.jpg,0.399067,2.26322,-1.053363,-169.999993,130.000001,0.0,70.0,0,0,0,0,0,0,0,0
0486_tilt_130_pan_180_f70.jpg,0.0,2.298133,-1.053363,-180.000005,130.000001,0.0,70.0,0,0,0,0,0,0,0,0
0487_tilt_130_pan_190_f70.jpg,-0.399067,2.26322,-1.053363,-190.000003,130.000001,0.0,70.0,0,0,0,0,0,0,0,0
0488_tilt_130_pan_200_f70.jpg,-0.786008,2.159539,-1.053363,-200.000001,130.000001,0.0,70.0,0,0,0,0,0,0,0,0
0489_tilt_130_pan_210_f70.jpg,-1.149067,1.990242,-1.053363,-209.999999,130.000001,0.0,70.0,0,0,0,0,0,0,0,0
0490_tilt_130_pan_220_f70.jpg,-1.477212,1.760472,-1.053363,-219.999997,130.000001,0.0,70.0,0,0,0,0,0,0,0,0
0491_tilt_130_pan_230_f70.jpg,-1.760472,1.477212,-1.053363,-230.000009,130.000001,0.0,70.0,0,0,0,0,0,0,0,0
0492_tilt_130_pan_240_f70.jpg,-1.990242,1.149067,-1.053363,-240.000007,130.000001,0.0,70.0,0,0,0,0,0,0,0,0
0493_tilt_130_pan_250_f70.jpg,-2.159539,0.786008,-1.053363,-250.000005,130.000001,0.0,70.0,0,0,0,0,0,0,0,0
0494_tilt_130_pan_260_f70.jpg,-2.26322,0.399067,-1.053363,-260.000003,130.000001,0.0,70.0,0,0,0,0,0,0,0,0
0495_tilt_130_pan_270_f70.jpg,-2.298133,0.0,-1.053363,-270.000001,130.000001,0.0,70.0,0,0,0,0,0,0,0,0
0496_tilt_130_pan_280_f70.jpg,-2.26322,-0.399067,-1.053363,-279.999999,130.000001,0.0,70.0,0,0,0,0,0,0,0,0
0497_tilt_130_pan_290_f70.jpg,-2.159539,-0.786008,-1.053363,-289.999997,130.000001,0.0,70.0,0,0,0,0,0,0,0,0
0498_tilt_130_pan_300_f70.jpg,-1.990242,-1.149067,-1.053363,-299.999995,130.000001,0.0,70.0,0,0,0,0,0,0,0,0
0499_tilt_130_pan_310_f70.jpg,-1.760472,-1.477212,-1.053363,-309.999993,130.000001,0.0,70.0,0,0,0,0,0,0,0,0
0500_tilt_130_pan_320_f70.jpg,-1.477212,-1.760472,-1.053363,-319.999991,130.000001,0.0,70.0,0,0,0,0,0,0,0,0
0501_tilt_130_pan_330_f70.jpg,-1.149067,-1.990242,-1.053363,-329.999989,130.000001,0.0,70.0,0,0,0,0,0,0,0,0
0502_tilt_130_pan_340_f70.jpg,-0.786008,-2.159539,-1.053363,-339.999987,130.000001,0.0,70.0,0,0,0,0,0,0,0,0
0503_tilt_130_pan_350_f70.jpg,-0.399067,-2.26322,-1.053363,-350.000012,130.000001,0.0,70.0,0,0,0,0,0,0,0,0
0504_tilt_140_pan_000_f70.jpg,0.0,-1.928363,-1.423133,-0.0,139.999999,0.0,70.0,0,0,0,0,0,0,0,0
0505_tilt_140_pan_010_f70.jpg,0.334857,-1.899067,-1.423133,-10.0,139.999999,0.0,70.0,0,0,0,0,0,0,0,0
0506_tilt_140_pan_020_f70.jpg,0.659539,-1.812068,-1.423133,-19.999999,139.999999,0.0,70.0,0,0,0,0,0,0,0,0
0507_tilt_140_pan_030_f70.jpg,0.964181,-1.670011,-1.423133,-30.000001,139.999999,0.0,70.0,0,0,0,0,0,0,0,0
0508_tilt_140_pan_040_f70.jpg,1.239528,-1.477212,-1.423133,-39.999999,139.999999,0.0,70.0,0,0,0,0,0,0,0,0
0509_tilt_140_pan_050_f70.jpg,1.477212,-1.239528,-1.423133,-50.0,139.999999,0.0,70.0,0,0,0,0,0,0,0,0
0510_tilt_140_pan_060_f70.jpg,1.670011,-0.964181,-1.423133,-60.000002,139.999999,0.0,70.0,0,0,0,0,0,0,0,0
0511_tilt_140_pan_070_f70.jpg,1.812068,-0.659539,-1.423133,-70.0,139.999999,0.0,70.0,0,0,0,0,0,0,0,0
0512_tilt_140_pan_080_f70.jpg,1.899067,-0.334857,-1.423133,-79.999998,139.999999,0.0,70.0,0,0,0,0,0,0,0,0
0513_tilt_140_pan_090_f70.jpg,1.928363,-0.0,-1.423133,-90.000003,139.999999,0.0,70.0,0,0,0,0,0,0,0,0
0514_tilt_140_pan_100_f70.jpg,1.899067,0.334857,-1.423133,-100.000001,139.999999,0.0,70.0,0,0,0,0,0,0,0,0
0515_tilt_140_pan_110_f70.jpg,1.812068,0.659539,-1.423133,-109.999999,139.999999,0.0,70.0,0,0,0,0,0,0,0,0
0516_tilt_140_pan_120_f70.jpg,1.670011,0.964181,-1.423133,-120.000003,139.999999,0.0,70.0,0,0,0,0,0,0,0,0
0517_tilt_140_pan_130_f70.jpg,1.477212,1.239528,-1.423133,-130.000001,139.999999,0.0,70.0,0,0,0,0,0,0,0,0
0518_tilt_140_pan_140_f70.jpg,1.239528,1.477212,-1.423133,-139.999999,139.999999,0.0,70.0,0,0,0,0,0,0,0,0
0519_tilt_140_pan_150_f70.jpg,0.964181,1.670011,-1.423133,-149.999997,139.999999,0.0,70.0,0,0,0,0,0,0,0,0
0520_tilt_140_pan_160_f70.jpg,0.659539,1.812068,-1.423133,-159.999995,139.999999,0.0,70.0,0,0,0,0,0,0,0,0
0521_tilt_140_pan_170_f70.jpg,0.334857,1.899067,-1.423133,-169.999993,139.999999,0.0,70.0,0,0,0,0,0,0,0,0
0522_tilt_140_pan_180_f70.jpg,0.0,1.928363,-1.423133,-180.000005,139.999999,0.0,70.0,0,0,0,0,0,0,0,0
0523_tilt_140_pan_190_f70.jpg,-0.334857,1.899067,-1.423133,-190.000003,139.999999,0.0,70.0,0,0,0,0,0,0,0,0
0524_tilt_140_pan_200_f70.jpg,-0.659539,1.812068,-1.423133,-200.000001,139.999999,0.0,70.0,0,0,0,0,0,0,0,0
0525_tilt_140_pan_210_f70.jpg,-0.964181,1.670011,-1.423133,-209.999999,139.999999,0.0,70.0,0,0,0,0,0,0,0,0
0526_tilt_140_pan_220_f70.jpg,-1.239528,1.477212,-1.423133,-219.999997,139.999999,0.0,70.0,0,0,0,0,0,0,0,0
0527_tilt_140_pan_230_f70.jpg,-1.477212,1.239528,-1.423133,-230.000009,139.999999,0.0,70.0,0,0,0,0,0,0,0,0
0528_tilt_140_pan_240_f70.jpg,-1.670011,0.964181,-1.423133,-240.000007,139.999999,0.0,70.0,0,0,0,0,0,0,0,0
0529_tilt_140_pan_250_f70.jpg,-1.812068,0.659539,-1.423133,-250.000005,139.999999,0.0,70.0,0,0,0,0,0,0,0,0
0530_tilt_140_pan_260_f70.jpg,-1.899067,0.334857,-1.423133,-260.000003,139.999999,0.0,70.0,0,0,0,0,0,0,0,0
0531_tilt_140_pan_270_f70.jpg,-1.928363,0.0,-1.423133,-270.000001,139.999999,0.0,70.0,0,0,0,0,0,0,0,0
0532_tilt_140_pan_280_f70.jpg,-1.899067,-0.334857,-1.423133,-279.999999,139.999999,0.0,70.0,0,0,0,0,0,0,0,0
0533_tilt_140_pan_290_f70.jpg,-1.812068,-0.659539,-1.423133,-289.999997,139.999999,0.0,70.0,0,0,0,0,0,0,0,0
0534_tilt_140_pan_300_f70.jpg,-1.670011,-0.964181,-1.423133,-299.999995,139.999999,0.0,70.0,0,0,0,0,0,0,0,0
0535_tilt_140_pan_310_f70.jpg,-1.477212,-1.239528,-1.423133,-309.999993,139.999999,0.0,70.0,0,0,0,0,0,0,0,0
0536_tilt_140_pan_320_f70.jpg,-1.239528,-1.477212,-1.423133,-319.999991,139.999999,0.0,70.0,0,0,0,0,0,0,0,0
0537_tilt_140_pan_330_f70.jpg,-0.964181,-1.670011,-1.423133,-329.999989,139.999999,0.0,70.0,0,0,0,0,0,0,0,0
0538_tilt_140_pan_340_f70.jpg,-0.659539,-1.812068,-1.423133,-339.999987,139.999999,0.0,70.0,0,0,0,0,0,0,0,0
0539_tilt_140_pan_350_f70.jpg,-0.334857,-1.899067,-1.423133,-350.000012,139.999999,0.0,70.0,0,0,0,0,0,0,0,0
0540_tilt_150_pan_000_f70.jpg,0.0,-1.5,-1.723076,-0.0,149.999997,0.0,70.0,0,0,0,0,0,0,0,0
0541_tilt_150_pan_010_f70.jpg,0.260472,-1.477212,-1.723076,-10.0,149.999997,0.0,70.0,0,0,0,0,0,0,0,0
0542_tilt_150_pan_020_f70.jpg,0.51303,-1.409539,-1.723076,-19.999999,149.999997,0.0,70.0,0,0,0,0,0,0,0,0
0543_tilt_150_pan_030_f70.jpg,0.75,-1.299038,-1.723076,-30.000001,149.999997,0.0,70.0,0,0,0,0,0,0,0,0
0544_tilt_150_pan_040_f70.jpg,0.964181,-1.149067,-1.723076,-39.999999,149.999997,0.0,70.0,0,0,0,0,0,0,0,0
0545_tilt_150_pan_050_f70.jpg,1.149067,-0.964181,-1.723076,-50.0,149.999997,0.0,70.0,0,0,0,0,0,0,0,0
0546_tilt_150_pan_060_f70.jpg,1.299038,-0.75,-1.723076,-60.000002,149.999997,0.0,70.0,0,0,0,0,0,0,0,0
0547_tilt_150_pan_070_f70.jpg,1.409539,-0.51303,-1.723076,-70.0,149.999997,0.0,70.0,0,0,0,0,0,0,0,0
0548_tilt_150_pan_080_f70.jpg,1.477212,-0.260472,-1.723076,-79.999998,149.999997,0.0,70.0,0,0,0,0,0,0,0,0
0549_tilt_150_pan_090_f70.jpg,1.5,-0.0,-1.723076,-90.000003,149.999997,0.0,70.0,0,0,0,0,0,0,0,0
0550_tilt_150_pan_100_f70.jpg,1.477212,0.260472,-1.723076,-100.000001,149.999997,0.0,70.0,0,0,0,0,0,0,0,0
0551_tilt_150_pan_110_f70.jpg,1.409539,0.51303,-1.723076,-109.999999,149.999997,0.0,70.0,0,0,0,0,0,0,0,0
0552_tilt_150_pan_120_f70.jpg,1.299038,0.75,-1.723076,-120.000003,149.999997,0.0,70.0,0,0,0,0,0,0,0,0
0553_tilt_150_pan_130_f70.jpg,1.149067,0.964181,-1.723076,-130.000001,149.999997,0.0,70.0,0,0,0,0,0,0,0,0
0554_tilt_150_pan_140_f70.jpg,0.964181,1.149067,-1.723076,-139.999999,149.999997,0.0,70.0,0,0,0,0,0,0,0,0
0555_tilt_150_pan_150_f70.jpg,0.75,1.299038,-1.723076,-149.999997,149.999997,0.0,70.0,0,0,0,0,0,0,0,0
0556_tilt_150_pan_160_f70.jpg,0.51303,1.409539,-1.723076,-159.999995,149.999997,0.0,70.0,0,0,0,0,0,0,0,0
0557_tilt_150_pan_170_f70.jpg,0.260472,1.477212,-1.723076,-169.999993,149.999997,0.0,70.0,0,0,0,0,0,0,0,0
0558_tilt_150_pan_180_f70.jpg,0.0,1.5,-1.723076,-180.000005,149.999997,0.0,70.0,0,0,0,0,0,0,0,0
0559_tilt_150_pan_190_f70.jpg,-0.260472,1.477212,-1.723076,-190.000003,149.999997,0.0,70.0,0,0,0,0,0,0,0,0
0560_tilt_150_pan_200_f70.jpg,-0.51303,1.409539,-1.723076,-200.000001,149.999997,0.0,70.0,0,0,0,0,0,0,0,0
0561_tilt_150_pan_210_f70.jpg,-0.75,1.299038,-1.723076,-209.999999,149.999997,0.0,70.0,0,0,0,0,0,0,0,0
0562_tilt_150_pan_220_f70.jpg,-0.964181,1.149067,-1.723076,-219.999997,149.999997,0.0,70.0,0,0,0,0,0,0,0,0
0563_tilt_150_pan_230_f70.jpg,-1.149067,0.964181,-1.723076,-230.000009,149.999997,0.0,70.0,0,0,0,0,0,0,0,0
0564_tilt_150_pan_240_f70.jpg,-1.299038,0.75,-1.723076,-240.000007,149.999997,0.0,70.0,0,0,0,0,0,0,0,0
0565_tilt_150_pan_250_f70.jpg,-1.409539,0.51303,-1.723076,-250.000005,149.999997,0.0,70.0,0,0,0,0,0,0,0,0
0566_tilt_150_pan_260_f70.jpg,-1.477212,0.260472,-1.723076,-260.000003,149.999997,0.0,70.0,0,0,0,0,0,0,0,0
0567_tilt_150_pan_270_f70.jpg,-1.5,0.0,-1.723076,-270.000001,149.999997,0.0,70.0,0,0,0,0,0,0,0,0
0568_tilt_150_pan_280_f70.jpg,-1.477212,-0.260472,-1.723076,-279.999999,149.999997,0.0,70.0,0,0,0,0,0,0,0,0
0569_tilt_150_pan_290_f70.jpg,-1.409539,-0.51303,-1.723076,-289.999997,149.999997,0.0,70.0,0,0,0,0,0,0,0,0
0570_tilt_150_pan_300_f70.jpg,-1.299038,-0.75,-1.723076,-299.999995,149.999997,0.0,70.0,0,0,0,0,0,0,0,0
0571_tilt_150_pan_310_f70.jpg,-1.149067,-0.964181,-1.723076,-309.999993,149.999997,0.0,70.0,0,0,0,0,0,0,0,0
0572_tilt_150_pan_320_f70.jpg,-0.964181,-1.149067,-1.723076,-319.999991,149.999997,0.0,70.0,0,0,0,0,0,0,0,0
0573_tilt_150_pan_330_f70.jpg,-0.75,-1.299038,-1.723076,-329.999989,149.999997,0.0,70.0,0,0,0,0,0,0,0,0
0574_tilt_150_pan_340_f70.jpg,-0.51303,-1.409539,-1.723076,-339.999987,149.999997,0.0,70.0,0,0,0,0,0,0,0,0
0575_tilt_150_pan_350_f70.jpg,-0.260472,-1.477212,-1.723076,-350.000012,149.999997,0.0,70.0,0,0,0,0,0,0,0,0
0576_tilt_160_pan_000_f70.jpg,0.0,-1.02606,-1.944078,-0.0,159.999995,0.0,70.0,0,0,0,0,0,0,0,0
0577_tilt_160_pan_010_f70.jpg,0.178174,-1.010472,-1.944078,-10.0,159.999995,0.0,70.0,0,0,0,0,0,0,0,0
0578_tilt_160_pan_020_f70.jpg,0.350933,-0.964181,-1.944078,-19.999999,159.999995,0.0,70.0,0,0,0,0,0,0,0,0
0579_tilt_160_pan_030_f70.jpg,0.51303,-0.888594,-1.944078,-30.000001,159.999995,0.0,70.0,0,0,0,0,0,0,0,0
0580_tilt_160_pan_040_f70.jpg,0.659539,-0.786008,-1.944078,-39.999999,159.999995,0.0,70.0,0,0,0,0,0,0,0,0
0581_tilt_160_pan_050_f70.jpg,0.786008,-0.659539,-1.944078,-50.0,159.999995,0.0,70.0,0,0,0,0,0,0,0,0
0582_tilt_160_pan_060_f70.jpg,0.888594,-0.51303,-1.944078,-60.000002,159.999995,0.0,70.0,0,0,0,0,0,0,0,0
0583_tilt_160_pan_070_f70.jpg,0.964181,-0.350933,-1.944078,-70.0,159.999995,0.0,70.0,0,0,0,0,0,0,0,0
0584_tilt_160_pan_080_f70.jpg,1.010472,-0.178174,-1.944078,-79.999998,159.999995,0.0,70.0,0,0,0,0,0,0,0,0
0585_tilt_160_pan_090_f70.jpg,1.02606,-0.0,-1.944078,-90.000003,159.999995,0.0,70.0,0,0,0,0,0,0,0,0
0586_tilt_160_pan_100_f70.jpg,1.010472,0.178174,-1.944078,-100.000001,159.999995,0.0,70.0,0,0,0,0,0,0,0,0
0587_tilt_160_pan_110_f70.jpg,0.964181,0.350933,-1.944078,-109.999999,159.999995,0.0,70.0,0,0,0,0,0,0,0,0
0588_tilt_160_pan_120_f70.jpg,0.888594,0.51303,-1.944078,-120.000003,159.999995,0.0,70.0,0,0,0,0,0,0,0,0
0589_tilt_160_pan_130_f70.jpg,0.786008,0.659539,-1.944078,-130.000001,159.999995,0.0,70.0,0,0,0,0,0,0,0,0
0590_tilt_160_pan_140_f70.jpg,0.659539,0.786008,-1.944078,-139.999999,159.999995,0.0,70.0,0,0,0,0,0,0,0,0
0591_tilt_160_pan_150_f70.jpg,0.51303,0.888594,-1.944078,-149.999997,159.999995,0.0,70.0,0,0,0,0,0,0,0,0
0592_tilt_160_pan_160_f70.jpg,0.350933,0.964181,-1.944078,-159.999995,159.999995,0.0,70.0,0,0,0,0,0,0,0,0
0593_tilt_160_pan_170_f70.jpg,0.178174,1.010472,-1.944078,-169.999993,159.999995,0.0,70.0,0,0,0,0,0,0,0,0
0594_tilt_160_pan_180_f70.jpg,0.0,1.02606,-1.944078,-180.000005,159.999995,0.0,70.0,0,0,0,0,0,0,0,0
0595_tilt_160_pan_190_f70.jpg,-0.178174,1.010472,-1.944078,-190.000003,159.999995,0.0,70.0,0,0,0,0,0,0,0,0
0596_tilt_160_pan_200_f70.jpg,-0.350933,0.964181,-1.944078,-200.000001,159.999995,0.0,70.0,0,0,0,0,0,0,0,0
0597_tilt_160_pan_210_f70.jpg,-0.51303,0.888594,-1.944078,-209.999999,159.999995,0.0,70.0,0,0,0,0,0,0,0,0
0598_tilt_160_pan_220_f70.jpg,-0.659539,0.786008,-1.944078,-219.999997,159.999995,0.0,70.0,0,0,0,0,0,0,0,0
0599_tilt_160_pan_230_f70.jpg,-0.786008,0.659539,-1.944078,-230.000009,159.999995,0.0,70.0,0,0,0,0,0,0,0,0
0600_tilt_160_pan_240_f70.jpg,-0.888594,0.51303,-1.944078,-240.000007,159.999995,0.0,70.0,0,0,0,0,0,0,0,0
0601_tilt_160_pan_250_f70.jpg,-0.964181,0.350933,-1.944078,-250.000005,159.999995,0.0,70.0,0,0,0,0,0,0,0,0
0602_tilt_160_pan_260_f70.jpg,-1.010472,0.178174,-1.944078,-260.000003,159.999995,0.0,70.0,0,0,0,0,0,0,0,0
0603_tilt_160_pan_270_f70.jpg,-1.02606,0.0,-1.944078,-270.000001,159.999995,0.0,70.0,0,0,0,0,0,0,0,0
0604_tilt_160_pan_280_f70.jpg,-1.010472,-0.178174,-1.944078,-279.999999,159.999995,0.0,70.0,0,0,0,0,0,0,0,0
0605_tilt_160_pan_290_f70.jpg,-0.964181,-0.350933,-1.944078,-289.999997,159.999995,0.0,70.0,0,0,0,0,0,0,0,0
0606_tilt_160_pan_300_f70.jpg,-0.888594,-0.51303,-1.944078,-299.999995,159.999995,0.0,70.0,0,0,0,0,0,0,0,0
0607_tilt_160_pan_310_f70.jpg,-0.786008,-0.659539,-1.944078,-309.999993,159.999995,0.0,70.0,0,0,0,0,0,0,0,0
0608_tilt_160_pan_320_f70.jpg,-0.659539,-0.786008,-1.944078,-319.999991,159.999995,0.0,70.0,0,0,0,0,0,0,0,0
0609_tilt_160_pan_330_f70.jpg,-0.51303,-0.888594,-1.944078,-329.999989,159.999995,0.0,70.0,0,0,0,0,0,0,0,0
0610_tilt_160_pan_340_f70.jpg,-0.350933,-0.964181,-1.944078,-339.999987,159.999995,0.0,70.0,0,0,0,0,0,0,0,0
0611_tilt_160_pan_350_f70.jpg,-0.178174,-1.010472,-1.944078,-350.000012,159.999995,0.0,70.0,0,0,0,0,0,0,0,0
0612_tilt_170_pan_000_f70.jpg,0.0,-0.520945,-2.079423,-0.0,169.999993,0.0,70.0,0,0,0,0,0,0,0,0
0613_tilt_170_pan_010_f70.jpg,0.090461,-0.51303,-2.079423,-10.0,169.999993,0.0,70.0,0,0,0,0,0,0,0,0
0614_tilt_170_pan_020_f70.jpg,0.178174,-0.489528,-2.079423,-19.999999,169.999993,0.0,70.0,0,0,0,0,0,0,0,0
0615_tilt_170_pan_030_f70.jpg,0.260472,-0.451151,-2.079423,-30.000001,169.999993,0.0,70.0,0,0,0,0,0,0,0,0
0616_tilt_170_pan_040_f70.jpg,0.334857,-0.399067,-2.079423,-39.999999,169.999993,0.0,70.0,0,0,0,0,0,0,0,0
0617_tilt_170_pan_050_f70.jpg,0.399067,-0.334857,-2.079423,-50.0,169.999993,0.0,70.0,0,0,0,0,0,0,0,0
0618_tilt_170_pan_060_f70.jpg,0.451151,-0.260472,-2.079423,-60.000002,169.999993,0.0,70.0,0,0,0,0,0,0,0,0
0619_tilt_170_pan_070_f70.jpg,0.489528,-0.178174,-2.079423,-70.0,169.999993,0.0,70.0,0,0,0,0,0,0,0,0
0620_tilt_170_pan_080_f70.jpg,0.51303,-0.090461,-2.079423,-79.999998,169.999993,0.0,70.0,0,0,0,0,0,0,0,0
0621_tilt_170_pan_090_f70.jpg,0.520945,-0.0,-2.079423,-90.000003,169.999993,0.0,70.0,0,0,0,0,0,0,0,0
0622_tilt_170_pan_100_f70.jpg,0.51303,0.090461,-2.079423,-100.000001,169.999993,0.0,70.0,0,0,0,0,0,0,0,0
0623_tilt_170_pan_110_f70.jpg,0.489528,0.178174,-2.079423,-109.999999,169.999993,0.0,70.0,0,0,0,0,0,0,0,0
0624_tilt_170_pan_120_f70.jpg,0.451151,0.260472,-2.079423,-120.000003,169.999993,0.0,70.0,0,0,0,0,0,0,0,0
0625_tilt_170_pan_130_f70.jpg,0.399067,0.334857,-2.079423,-130.000001,169.999993,0.0,70.0,0,0,0,0,0,0,0,0
0626_tilt_170_pan_140_f70.jpg,0.334857,0.399067,-2.079423,-139.999999,169.999993,0.0,70.0,0,0,0,0,0,0,0,0
0627_tilt_170_pan_150_f70.jpg,0.260472,0.451151,-2.079423,-149.999997,169.999993,0.0,70.0,0,0,0,0,0,0,0,0
0628_tilt_170_pan_160_f70.jpg,0.178174,0.489528,-2.079423,-159.999995,169.999993,0.0,70.0,0,0,0,0,0,0,0,0
0629_tilt_170_pan_170_f70.jpg,0.090461,0.51303,-2.079423,-169.999993,169.999993,0.0,70.0,0,0,0,0,0,0,0,0
0630_tilt_170_pan_180_f70.jpg,0.0,0.520945,-2.079423,-180.000005,169.999993,0.0,70.0,0,0,0,0,0,0,0,0
0631_tilt_170_pan_190_f70.jpg,-0.090461,0.51303,-2.079423,-190.000003,169.999993,0.0,70.0,0,0,0,0,0,0,0,0
0632_tilt_170_pan_200_f70.jpg,-0.178174,0.489528,-2.079423,-200.000001,169.999993,0.0,70.0,0,0,0,0,0,0,0,0
0633_tilt_170_pan_210_f70.jpg,-0.260472,0.451151,-2.079423,-209.999999,169.999993,0.0,70.0,0,0,0,0,0,0,0,0
0634_tilt_170_pan_220_f70.jpg,-0.334857,0.399067,-2.079423,-219.999997,169.999993,0.0,70.0,0,0,0,0,0,0,0,0
0635_tilt_170_pan_230_f70.jpg,-0.399067,0.334857,-2.079423,-230.000009,169.999993,0.0,70.0,0,0,0,0,0,0,0,0
0636_tilt_170_pan_240_f70.jpg,-0.451151,0.260472,-2.079423,-240.000007,169.999993,0.0,70.0,0,0,0,0,0,0,0,0
0637_tilt_170_pan_250_f70.jpg,-0.489528,0.178174,-2.079423,-250.000005,169.999993,0.0,70.0,0,0,0,0,0,0,0,0
0638_tilt_170_pan_260_f70.jpg,-0.51303,0.090461,-2.079423,-260.000003,169.999993,0.0,70.0,0,0,0,0,0,0,0,0
0639_tilt_170_pan_270_f70.jpg,-0.520945,0.0,-2.079423,-270.000001,169.999993,0.0,70.0,0,0,0,0,0,0,0,0
0640_tilt_170_pan_280_f70.jpg,-0.51303,-0.090461,-2.079423,-279.999999,169.999993,0.0,70.0,0,0,0,0,0,0,0,0
0641_tilt_170_pan_290_f70.jpg,-0.489528,-0.178174,-2.079423,-289.999997,169.999993,0.0,70.0,0,0,0,0,0,0,0,0
0642_tilt_170_pan_300_f70.jpg,-0.451151,-0.260472,-2.079423,-299.999995,169.999993,0.0,70.0,0,0,0,0,0,0,0,0
0643_tilt_170_pan_310_f70.jpg,-0.399067,-0.334857,-2.079423,-309.999993,169.999993,0.0,70.0,0,0,0,0,0,0,0,0
0644_tilt_170_pan_320_f70.jpg,-0.334857,-0.399067,-2.079423,-319.999991,169.999993,0.0,70.0,0,0,0,0,0,0,0,0
0645_tilt_170_pan_330_f70.jpg,-0.260472,-0.451151,-2.079423,-329.999989,169.999993,0.0,70.0,0,0,0,0,0,0,0,0
0646_tilt_170_pan_340_f70.jpg,-0.178174,-0.489528,-2.079423,-339.999987,169.999993,0.0,70.0,0,0,0,0,0,0,0,0
0647_tilt_170_pan_350_f70.jpg,-0.090461,-0.51303,-2.079423,-350.000012,169.999993,0.0,70.0,0,0,0,0,0,0,0,0
0648_tilt_180_pan_000_f70.jpg,0.0,-0.0,-2.125,-0.0,180.000005,0.0,70.0,0,0,0,0,0,0,0,0
0649_tilt_180_pan_010_f70.jpg,0.0,-0.0,-2.125,-10.0,180.000005,0.0,70.0,0,0,0,0,0,0,0,0
0650_tilt_180_pan_020_f70.jpg,0.0,-0.0,-2.125,-19.999999,180.000005,0.0,70.0,0,0,0,0,0,0,0,0
0651_tilt_180_pan_030_f70.jpg,0.0,-0.0,-2.125,-30.000001,180.000005,0.0,70.0,0,0,0,0,0,0,0,0
0652_tilt_180_pan_040_f70.jpg,0.0,-0.0,-2.125,-39.999999,180.000005,0.0,70.0,0,0,0,0,0,0,0,0
0653_tilt_180_pan_050_f70.jpg,0.0,-0.0,-2.125,-50.0,180.000005,0.0,70.0,0,0,0,0,0,0,0,0
0654_tilt_180_pan_060_f70.jpg,0.0,-0.0,-2.125,-60.000002,180.000005,0.0,70.0,0,0,0,0,0,0,0,0
0655_tilt_180_pan_070_f70.jpg,0.0,-0.0,-2.125,-70.0,180.000005,0.0,70.0,0,0,0,0,0,0,0,0
0656_tilt_180_pan_080_f70.jpg,0.0,-0.0,-2.125,-79.999998,180.000005,0.0,70.0,0,0,0,0,0,0,0,0
0657_tilt_180_pan_090_f70.jpg,0.0,-0.0,-2.125,-90.000003,180.000005,0.0,70.0,0,0,0,0,0,0,0,0
0658_tilt_180_pan_100_f70.jpg,0.0,0.0,-2.125,-100.000001,180.000005,0.0,70.0,0,0,0,0,0,0,0,0
0659_tilt_180_pan_110_f70.jpg,0.0,0.0,-2.125,-109.999999,180.000005,0.0,70.0,0,0,0,0,0,0,0,0
0660_tilt_180_pan_120_f70.jpg,0.0,0.0,-2.125,-120.000003,180.000005,0.0,70.0,0,0,0,0,0,0,0,0
0661_tilt_180_pan_130_f70.jpg,0.0,0.0,-2.125,-130.000001,180.000005,0.0,70.0,0,0,0,0,0,0,0,0
0662_tilt_180_pan_140_f70.jpg,0.0,0.0,-2.125,-139.999999,180.000005,0.0,70.0,0,0,0,0,0,0,0,0
0663_tilt_180_pan_150_f70.jpg,0.0,0.0,-2.125,-149.999997,180.000005,0.0,70.0,0,0,0,0,0,0,0,0
0664_tilt_180_pan_160_f70.jpg,0.0,0.0,-2.125,-159.999995,180.000005,0.0,70.0,0,0,0,0,0,0,0,0
0665_tilt_180_pan_170_f70.jpg,0.0,0.0,-2.125,-169.999993,180.000005,0.0,70.0,0,0,0,0,0,0,0,0
0666_tilt_180_pan_180_f70.jpg,0.0,0.0,-2.125,-180.000005,180.000005,0.0,70.0,0,0,0,0,0,0,0,0
0667_tilt_180_pan_190_f70.jpg,-0.0,0.0,-2.125,-190.000003,180.000005,0.0,70.0,0,0,0,0,0,0,0,0
0668_tilt_180_pan_200_f70.jpg,-0.0,0.0,-2.125,-200.000001,180.000005,0.0,70.0,0,0,0,0,0,0,0,0
0669_tilt_180_pan_210_f70.jpg,-0.0,0.0,-2.125,-209.999999,180.000005,0.0,70.0,0,0,0,0,0,0,0,0
0670_tilt_180_pan_220_f70.jpg,-0.0,0.0,-2.125,-219.999997,180.000005,0.0,70.0,0,0,0,0,0,0,0,0
0671_tilt_180_pan_230_f70.jpg,-0.0,0.0,-2.125,-230.000009,180.000005,0.0,70.0,0,0,0,0,0,0,0,0
0672_tilt_180_pan_240_f70.jpg,-0.0,0.0,-2.125,-240.000007,180.000005,0.0,70.0,0,0,0,0,0,0,0,0
0673_tilt_180_pan_250_f70.jpg,-0.0,0.0,-2.125,-250.000005,180.000005,0.0,70.0,0,0,0,0,0,0,0,0
0674_tilt_180_pan_260_f70.jpg,-0.0,0.0,-2.125,-260.000003,180.000005,0.0,70.0,0,0,0,0,0,0,0,0
0675_tilt_180_pan_270_f70.jpg,-0.0,0.0,-2.125,-270.000001,180.000005,0.0,70.0,0,0,0,0,0,0,0,0
0676_tilt_180_pan_280_f70.jpg,-0.0,-0.0,-2.125,-279.999999,180.000005,0.0,70.0,0,0,0,0,0,0,0,0
0677_tilt_180_pan_290_f70.jpg,-0.0,-0.0,-2.125,-289.999997,180.000005,0.0,70.0,0,0,0,0,0,0,0,0
0678_tilt_180_pan_300_f70.jpg,-0.0,-0.0,-2.125,-299.999995,180.000005,0.0,70.0,0,0,0,0,0,0,0,0
0679_tilt_180_pan_310_f70.jpg,-0.0,-0.0,-2.125,-309.999993,180.000005,0.0,70.0,0,0,0,0,0,0,0,0
0680_tilt_180_pan_320_f70.jpg,-0.0,-0.0,-2.125,-319.999991,180.000005,0.0,70.0,0,0,0,0,0,0,0,0
0681_tilt_180_pan_330_f70.jpg,-0.0,-0.0,-2.125,-329.999989,180.000005,0.0,70.0,0,0,0,0,0,0,0,0
0682_tilt_180_pan_340_f70.jpg,-0.0,-0.0,-2.125,-339.999987,180.000005,0.0,70.0,0,0,0,0,0,0,0,0
0683_tilt_180_pan_350_f70.jpg,-0.0,-0.0,-2.125,-350.000012,180.000005,0.0,70.0,0,0,0,0,0,0,0,0
